LICENCE_NO,AREA_CODE,AREA_NAME,LW_FREQUENCY_START,LW_FREQUENCY_END,UP_FREQUENCY_START,UP_FREQUENCY_END
10006309,AP_10006309_3714,Regional South Australia,1710000000,1712500000,1805000000,1807500000
10143110,AP_10143110_3918,Brisbane,1960000000,1970000000,2150000000,2160000000
10143110,AP_10143110_3919,Adelaide,1960000000,1970000000,2150000000,2160000000
10143110,AP_10143110_3920,Perth,1960000000,1970000000,2150000000,2160000000
10143110,AP_10143110_3916,Sydney,1920000000,1935000000,2110000000,2125000000
10143110,AP_10143110_3917,Melbourne,1920000000,1935000000,2110000000,2125000000
10143136,AP_10143136_3981,Hobart,1970000000,1980000000,2160000000,2170000000
10143136,AP_10143136_3982,Darwin,1970000000,1980000000,2160000000,2170000000
10143136,AP_10143136_3983,Canberra,1970000000,1980000000,2160000000,2170000000
10143136,AP_10143136_3984,Regional South East Australia,1975000000,1980000000,2165000000,2170000000
10143136,AP_10143136_3980,Perth,1970000000,1980000000,2160000000,2170000000
10143136,AP_10143136_3979,Adelaide,1970000000,1980000000,2160000000,2170000000
10143136,AP_10143136_3989,Regional Western Australia,1975000000,1980000000,2165000000,2170000000
10143136,AP_10143136_3977,Melbourne,1970000000,1980000000,2160000000,2170000000
10143136,AP_10143136_3976,Sydney,1970000000,1980000000,2160000000,2170000000
10143136,AP_10143136_3978,Brisbane,1970000000,1980000000,2160000000,2170000000
10143466,AP_10143466_4113,Adelaide,1920000000,1930000000,2110000000,2120000000
10143466,AP_10143466_4113,Adelaide,1935000000,1940000000,2125000000,2130000000
10143466,AP_10143466_4112,Brisbane,1920000000,1930000000,2110000000,2120000000
10143466,AP_10143466_4112,Brisbane,1935000000,1940000000,2125000000,2130000000
10143466,AP_10143466_4111,Melbourne,1960000000,1970000000,2150000000,2160000000
10143466,AP_10143466_4111,Melbourne,1935000000,1940000000,2125000000,2130000000
10143466,AP_10143466_4114,Perth,1935000000,1940000000,2125000000,2130000000
10143466,AP_10143466_4124,Regional Western Australia,1965000000,1975000000,2155000000,2165000000
10143466,AP_10143466_4119,Regional South East Australia,1965000000,1975000000,2155000000,2165000000
10143466,AP_10143466_4118,Sydney,1960000000,1970000000,2150000000,2160000000
10143466,AP_10143466_4118,Sydney,1935000000,1940000000,2125000000,2130000000
10143466,AP_10143466_4117,Canberra,1960000000,1970000000,2150000000,2160000000
10143466,AP_10143466_4117,Canberra,1935000000,1940000000,2125000000,2130000000
10143466,AP_10143466_4116,Darwin,1920000000,1930000000,2110000000,2120000000
10143466,AP_10143466_4116,Darwin,1935000000,1940000000,2125000000,2130000000
10143466,AP_10143466_4115,Hobart,1920000000,1930000000,2110000000,2120000000
10143466,AP_10143466_4114,Perth,1920000000,1930000000,2110000000,2120000000
10143466,AP_10143466_4115,Hobart,1935000000,1940000000,2125000000,2130000000
10143562,AP_10143562_4167,Sydney,1940000000,1960000000,2130000000,2150000000
10143562,AP_10143562_4166,Brisbane,1940000000,1960000000,2130000000,2150000000
10143562,AP_10143562_4165,Melbourne,1940000000,1960000000,2130000000,2150000000
10143562,AP_10143562_4164,Canberra,1940000000,1960000000,2130000000,2150000000
10143562,AP_10143562_4174,Regional Western Australia,1960000000,1965000000,2150000000,2155000000
10143562,AP_10143562_4162,Hobart,1940000000,1960000000,2130000000,2150000000
10143562,AP_10143562_4161,Darwin,1940000000,1960000000,2130000000,2150000000
10143562,AP_10143562_4169,Regional South East Australia,1960000000,1965000000,2150000000,2155000000
10143562,AP_10143562_4168,Adelaide,1940000000,1960000000,2130000000,2150000000
10143562,AP_10143562_4163,Perth,1940000000,1960000000,2130000000,2150000000
10231258,AP_10231258_4252,Southern New South Wales/Riverina (Albury),1780000000,1785000000,1875000000,1880000000
10231258,AP_10231258_4260,Northern New South Wales (Grafton) + Western New South Wales (Dubbo),1750000000,1775000000,1845000000,1870000000
10231258,AP_10231258_4259,North Queensland (Cairns/Townsville) + Central Queensland (Mackay),1750000000,1775000000,1845000000,1870000000
10231258,AP_10231258_4258,Regional Western Australia,1750000000,1770000000,1845000000,1865000000
10231258,AP_10231258_4256,Regional South Australia,1750000000,1775000000,1845000000,1870000000
10231258,AP_10231258_4252,Southern New South Wales/Riverina (Albury),1750000000,1770000000,1845000000,1865000000
10231258,AP_10231258_4253,Regional Victoria,1755000000,1775000000,1850000000,1870000000
10231258,AP_10231258_4249,Darwin,1750000000,1775000000,1845000000,1870000000
10231258,AP_10231258_4250,South Queensland (Maryborough),1750000000,1770000000,1845000000,1865000000
10231258,AP_10231258_4251,Canberra (including south coast of NSW),1760000000,1780000000,1855000000,1875000000
10231258,AP_10231258_4255,Tasmania,1765000000,1785000000,1860000000,1880000000
10232073,AP_10232073_4368,South Queensland (Maryborough) + Northern New South Wales (Grafton),1775000000,1785000000,1870000000,1880000000
10232073,AP_10232073_4365,Regional South Australia,1775000000,1785000000,1870000000,1880000000
10232073,AP_10232073_4367,Adelaide,1770000000,1775000000,1865000000,1870000000
10232073,AP_10232073_4364,Tasmania,1755000000,1765000000,1850000000,1860000000
10232073,AP_10232073_4362,Regional Victoria,1745000000,1755000000,1840000000,1850000000
10232073,AP_10232073_4361,Southern New South Wales/Riverina (Albury),1770000000,1780000000,1865000000,1875000000
10232073,AP_10232073_4360,Canberra (including south coast of NSW),1750000000,1760000000,1845000000,1855000000
10232073,AP_10232073_4358,Darwin,1775000000,1785000000,1870000000,1880000000
10232073,AP_10232073_4359,Western New South Wales (Dubbo),1780000000,1785000000,1875000000,1880000000
10235466,AP_10235466_4386,North Queensland (Cairns/Townsville),1775000000,1785000000,1870000000,1880000000
10235466,AP_10235466_4387,South Queensland (Maryborough),1770000000,1775000000,1865000000,1870000000
10235466,AP_10235466_4388,Canberra (including south coast of NSW),1735000000,1750000000,1830000000,1845000000
10235466,AP_10235466_4388,Canberra (including south coast of NSW),1780000000,1785000000,1875000000,1880000000
10235466,AP_10235466_4389,Regional Victoria,1775000000,1785000000,1870000000,1880000000
10235466,AP_10235466_4391,Regional Western Australia,1770000000,1780000000,1865000000,1875000000
10388332,AP_10388332_4436,Central Australia,2337000000,2365000000,,
10388332,AP_10388332_4437,Gold Fields,2337000000,2365000000,,
10388332,AP_10388332_4438,Kimberley,2365000000,2400000000,,
10388332,AP_10388332_4439,Midwest RQZ,2337000000,2365000000,,
10388332,AP_10388332_4440,Telfer Mine,2302000000,2400000000,,
10388334,AP_10388334_4442,Canberra A,3542500000,3547000000,,
10388334,AP_10388334_4441,Brisbane B,3542500000,3575000000,,
10388334,AP_10388334_4443,Rockhampton,3542500000,3547000000,,
10388334,AP_10388334_4444,Toowoomba,3542500000,3547000000,,
10388433,AP_10388433_4447,Adelaide,1930000000,1935000000,2120000000,2125000000
10388433,AP_10388433_4445,Canberra B,1920000000,1930000000,2110000000,2120000000
10388433,AP_10388433_4448,Brisbane A,1930000000,1935000000,2120000000,2125000000
10388433,AP_10388433_4452,Perth,1930000000,1935000000,2120000000,2125000000
10388433,AP_10388433_4449,Canberra A,1930000000,1935000000,2120000000,2125000000
10388433,AP_10388433_4450,Darwin,1930000000,1935000000,2120000000,2125000000
10388433,AP_10388433_4451,Hobart,1930000000,1935000000,2120000000,2125000000
10391280,AP_10391280_4453,National,733000000,738000000,788000000,793000000
10391286,AP_10391286_4455,National,738000000,748000000,793000000,803000000
10424434,AP_10424434_4458,Regional WA,1780000000,1785000000,1875000000,1880000000
10424436,AP_10424436_4460,Hobart,1960000000,1970000000,2150000000,2160000000
10424436,AP_10424436_4459,Darwin,1960000000,1970000000,2150000000,2160000000
10424514,AP_10424514_4462,Delamere,2302000000,2400000000,,
10424514,AP_10424514_4461,Cameron Corner,2365000000,2400000000,,
10424514,AP_10424514_4463,Geraldton/Kalgoorlie,2365000000,2400000000,,
10424532,AP_10424532_4466,Outer ACT 1,2302000000,2330000000,,
10424532,AP_10424532_4470,NSW EAST,2393000000,2400000000,,
10424532,AP_10424532_4469,Melbourne,2393000000,2400000000,,
10424532,AP_10424532_4467,Outer ACT 2,2302000000,2330000000,,
10424532,AP_10424532_4468,Outer ACT 3,2302000000,2330000000,,
10427561,AP_10427561_4475,Tasmania,1750000000,1755000000,1845000000,1850000000
10427561,AP_10427561_4474,Mackay,1775000000,1785000000,1870000000,1880000000
10427561,AP_10427561_4476,Dubbo,1775000000,1780000000,1870000000,1875000000
10435053,AP_10435053_4496,Perth,1710000000,1730000000,1805000000,1825000000
10435053,AP_10435053_4495,Regional Western Australia,1710000000,1750000000,1805000000,1845000000
10435053,AP_10435053_4494,Tasmania,1710000000,1745000000,1805000000,1840000000
10435053,AP_10435053_4493,ACT and South Coast NSW,1710000000,1730000000,1805000000,1825000000
10435053,AP_10435053_4492,Darwin,1710000000,1745000000,1805000000,1840000000
10435053,AP_10435053_4497,Adelaide,1710000000,1730000000,1805000000,1825000000
10435053,AP_10435053_4505,Merge: North East and South Central NSW + Merge: South Queensland + North and Central Queensland,1710000000,1750000000,1805000000,1845000000
10435053,AP_10435053_4503,Regional South Australia,1710000000,1750000000,1805000000,1845000000
10435053,AP_10435053_4501,Regional Victoria,1710000000,1745000000,1805000000,1840000000
10435053,AP_10435053_4500,Sydney,1710000000,1725000000,1805000000,1820000000
10435053,AP_10435053_4499,Melbourne,1710000000,1725000000,1805000000,1820000000
10435053,AP_10435053_4498,Brisbane,1710000000,1730000000,1805000000,1825000000
10498938,AP_10498938_4773,Adelaide Rim NE,3542500000,3575000000,,
10498938,AP_10498938_4774,Adelaide Rim S,3542500000,3575000000,,
10498938,AP_10498938_4775,Launceston,3542500000,3575000000,,
10498938,AP_10498938_4776,Hobart,3542500000,3575000000,,
10498938,AP_10498938_4777,Perth,3542500000,3575000000,,
10498938,AP_10498938_4778,Cairns,3542500000,3575000000,,
10498938,AP_10498938_4785,Canberra,3547000000,3575000000,,
10498938,AP_10498938_4783,Toowoomba,3547000000,3575000000,,
10498938,AP_10498938_4782,Rockhampton,3547000000,3575000000,,
10498938,AP_10498938_4781,Ballarat-Bendigo,3542500000,3575000000,,
10498938,AP_10498938_4780,Wodonga,3542500000,3575000000,,
10498938,AP_10498938_4779,Townsville,3542500000,3575000000,,
10498938,AP_10498938_4784,Adelaide,3547000000,3575000000,,
10914942,AP_10914942_4890,Adelaide,3575000000,3610000000,,
10914942,AP_10914942_4891,Brisbane,3575000000,3605000000,,
10914942,AP_10914942_4892,Canberra,3575000000,3605000000,,
10914942,AP_10914942_4893,Melbourne,3575000000,3635000000,,
10914942,AP_10914942_4894,Sydney,3575000000,3635000000,,
10914942,AP_10914942_4895,Perth - lower/upper,3575000000,3605000000,,
10914942,AP_10914942_4896,Regional Southern/Western NSW,3575000000,3640000000,,
10914942,AP_10914942_4906,Merge: Regional Victoria + Tasmania,3575000000,3625000000,,
10914942,AP_10914942_4901,Merge: Regional Northern NSW/Southern Queensland + Merge: North Queensland + Central Queensland,3575000000,3625000000,,
10914942,AP_10914942_4898,Regional South Australia,3575000000,3650000000,,
10914942,AP_10914942_4900,Regional Western Australia,3575000000,3655000000,,
10917462,AP_10917462_4913,Merge: Regional Southern/Western NSW + Regional South Australia,3670000000,3700000000,,
10917462,AP_10917462_4908,Merge: Regional Northern NSW/Southern Queensland + Merge: North Queensland + Central Queensland,3665000000,3700000000,,
10917462,AP_10917462_4916,Merge: Regional Victoria + Tasmania,3665000000,3700000000,,
10917463,AP_10917463_4918,Adelaide,3670000000,3700000000,,
10917463,AP_10917463_4919,Brisbane,3665000000,3700000000,,
10917463,AP_10917463_4923,Perth - lower/upper,3605000000,3640000000,,
10917463,AP_10917463_4922,Sydney,3635000000,3640000000,,
10917463,AP_10917463_4921,Melbourne,3695000000,3700000000,,
10917463,AP_10917463_4920,Canberra,3605000000,3640000000,,
10917464,AP_10917464_4924,Adelaide,3610000000,3670000000,,
10917464,AP_10917464_4925,Brisbane,3605000000,3665000000,,
10917464,AP_10917464_4926,Canberra,3640000000,3700000000,,
10917464,AP_10917464_4927,Melbourne,3635000000,3695000000,,
10917464,AP_10917464_4928,Sydney,3640000000,3700000000,,
10917464,AP_10917464_4940,Merge: Regional Victoria + Tasmania,3625000000,3665000000,,
10917464,AP_10917464_4935,Merge: Regional Northern NSW/Southern Queensland + Merge: North Queensland + Central Queensland,3625000000,3665000000,,
10917464,AP_10917464_4934,Regional Western Australia,3655000000,3700000000,,
10917464,AP_10917464_4932,Regional South Australia,3650000000,3670000000,,
10917464,AP_10917464_4930,Regional Southern/Western NSW,3640000000,3670000000,,
10917464,AP_10917464_4929,Perth - lower/upper,3640000000,3700000000,,
11181369,AP_11181369_0014,Area 0014,24700000000,25100000000,,
11181369,AP_11181369_0001,Area 0001,25000000000,25100000000,,
11181789,AP_11181789_4968,Market area,27500000000,28100000000,,
11181789,AP_11181789_4970,Hole area,27500000000,30000000000,,
11181790,AP_11181790_4971,Area,27500000000,28100000000,,
11181790,AP_11181790_4973,Market area,27500000000,29500000000,,
11181846,AP_11181846_4976,Hamel WA,27500000000,28500000000,,
11181847,AP_11181847_4977,Bourke NSW ,27500000000,28500000000,,
11181848,AP_11181848_4978,Gaveston TAS,27500000000,28500000000,,
11181849,AP_11181849_4979,Ceduna SA ,27500000000,28500000000,,
11181851,AP_11181851_4980,Kalgoorlie WA,27500000000,28500000000,,
11181852,AP_11181852_4981,Carnarvon WA,27500000000,28500000000,,
11181853,AP_11181853_4982,Roma Qld,27500000000,28500000000,,
11181860,AP_11181860_4983,Geraldton WA,27500000000,28500000000,,
11181862,AP_11181862_4984,Broken Hill NSW ,27500000000,28500000000,,
11186362,AP_11186362_4985,Market area,27500000000,28500000000,,
11187237,AP_11187237_5012,Market area 1,27600000000,28100000000,,
11187237,AP_11187237_5019,Market area ,27600000000,28400000000,,
11187237,AP_11187237_5019,Market area ,28600000000,29100000000,,
11189712,AP_11189712_5020,Market area,27500000000,27515000000,,
11190450,AP_11190450_5021,Market area 1,27500000000,30000000000,,
11190520,AP_11190520_5022,Market area 2,27500000000,30000000000,,
11190524,AP_11190524_5023,Market area 3,27500000000,30000000000,,
11190528,AP_11190528_5024,Market area 4,27500000000,30000000000,,
11190536,AP_11190536_5026,Market area 6,27500000000,30000000000,,
11190543,AP_11190543_5028,Market area 8,27500000000,30000000000,,
11192681,AP_11192681_5034,Market area,27500000000,28100000000,,
11192681,AP_11192681_5036,Hole area,27500000000,29500000000,,
11193287,AP_11193287_5037,Market area 1,27500000000,30000000000,,
11193288,AP_11193288_5038,Market area 2,27500000000,30000000000,,
11193289,AP_11193289_5039,Market area 3,27500000000,30000000000,,
11193290,AP_11193290_5040,Market area 4,27500000000,30000000000,,
11193291,AP_11193291_5041,Market area 5,27500000000,30000000000,,
11193292,AP_11193292_5042,Market area 6,27500000000,30000000000,,
11196476,AP_11196476_5043,MA 1,27500000000,30000000000,,
11196484,AP_11196484_5044,MA 2,27500000000,30000000000,,
11196485,AP_11196485_5045,MA 3,27500000000,30000000000,,
11196513,AP_11196513_5072,Market area 1,27500000000,30000000000,,
11196514,AP_11196514_5073,Market area 6,27500000000,30000000000,,
11196515,AP_11196515_5074,Market area 7,27500000000,30000000000,,
11196516,AP_11196516_5075,Market area 8,27500000000,30000000000,,
11196517,AP_11196517_5076,Market area 14,27500000000,30000000000,,
11196518,AP_11196518_5077,Market area 18,27500000000,30000000000,,
11196519,AP_11196519_5078,Market area 20,27500000000,30000000000,,
11196520,AP_11196520_5079,Market area 21,27500000000,30000000000,,
11196521,AP_11196521_5084,Market area,27500000000,28100000000,,
11196521,AP_11196521_5086,Hole area,27500000000,30000000000,,
11196522,AP_11196522_5087,Market area 1,27500000000,28100000000,,
11196522,AP_11196522_5089,Hole area,27500000000,30000000000,,
11196523,AP_11196523_5090,Market area,27500000000,28100000000,,
11196523,AP_11196523_5092,Hole area,27500000000,30000000000,,
11196524,AP_11196524_5093,Market area ,27500000000,28100000000,,
11196524,AP_11196524_5095,Hole area,27500000000,30000000000,,
11196525,AP_11196525_5096,Market area,27500000000,28100000000,,
11196525,AP_11196525_5098,Hole area,27500000000,30000000000,,
11196526,AP_11196526_5099,Market area ,27500000000,28100000000,,
11196526,AP_11196526_5101,Hole area,27500000000,30000000000,,
11196527,AP_11196527_5104,Market area,27500000000,30000000000,,
11196527,AP_11196527_5102,Market area ,27500000000,28100000000,,
11196528,AP_11196528_5105,Market area,27500000000,28100000000,,
11196528,AP_11196528_5107,Hole area,27500000000,30000000000,,
11196529,AP_11196529_5108,Market area,27500000000,28100000000,,
11196529,AP_11196529_5110,Hole area,27500000000,30000000000,,
11196530,AP_11196530_5111,Market area,27500000000,28100000000,,
11196530,AP_11196530_5113,Hole area,27500000000,30000000000,,
11196531,AP_11196531_5114,Market area,27500000000,28100000000,,
11196531,AP_11196531_5116,Hole area,27500000000,30000000000,,
11196532,AP_11196532_5117,Market area,27500000000,28100000000,,
11196532,AP_11196532_5119,Hole area,27500000000,30000000000,,
11196533,AP_11196533_5120,Market area,27500000000,28100000000,,
11196533,AP_11196533_5122,Hole area,27500000000,30000000000,,
11204111,AP_11204111_5393,MA3-6,27500000000,30000000000,,
11204111,AP_11204111_5394,MA3-7,27500000000,30000000000,,
11204111,AP_11204111_5395,MA3-8,27500000000,30000000000,,
11204111,AP_11204111_5396,MA3-9,27500000000,30000000000,,
11204111,AP_11204111_5397,MA3-10,27500000000,30000000000,,
11204111,AP_11204111_5398,MA3-11,27500000000,30000000000,,
11204111,AP_11204111_5399,MA3-12,27500000000,30000000000,,
11204111,AP_11204111_5400,MA3-13,27500000000,30000000000,,
11204111,AP_11204111_5401,MA3-14,27500000000,30000000000,,
11204111,AP_11204111_5402,MA3-15,27500000000,30000000000,,
11204111,AP_11204111_5403,MA3-16,27500000000,30000000000,,
11204111,AP_11204111_5404,MA3-17,27500000000,30000000000,,
11204111,AP_11204111_5405,MA3-18,27500000000,30000000000,,
11204111,AP_11204111_5406,MA3-19,27500000000,30000000000,,
11204111,AP_11204111_5407,MA3-20,27500000000,30000000000,,
11204111,AP_11204111_5408,MA3-21,27500000000,30000000000,,
11204111,AP_11204111_5409,MA3-22,27500000000,30000000000,,
11204111,AP_11204111_5410,MA3-23,27500000000,30000000000,,
11204111,AP_11204111_5411,MA3-24,27500000000,30000000000,,
11204111,AP_11204111_5412,MA3-25,27500000000,30000000000,,
11204111,AP_11204111_5413,MA3-26,27500000000,30000000000,,
11204111,AP_11204111_5419,MA3-32,27500000000,30000000000,,
11204111,AP_11204111_5420,MA3-33,27500000000,30000000000,,
11204111,AP_11204111_5421,MA3-34,27500000000,30000000000,,
11204111,AP_11204111_5422,MA3-35,27500000000,30000000000,,
11204111,AP_11204111_5423,MA3-36,27500000000,30000000000,,
11204111,AP_11204111_5424,MA3-37,27500000000,30000000000,,
11204111,AP_11204111_5425,MA3-38,27500000000,30000000000,,
11204111,AP_11204111_5426,MA3-39,27500000000,30000000000,,
11204111,AP_11204111_5427,MA3-40,27500000000,30000000000,,
11204111,AP_11204111_5428,MA3-41,27500000000,30000000000,,
11204111,AP_11204111_5429,MA3-42,27500000000,30000000000,,
11204111,AP_11204111_5430,MA3-43,27500000000,30000000000,,
11204111,AP_11204111_5431,MA3-44,27500000000,30000000000,,
11204111,AP_11204111_5414,MA3-27,27500000000,30000000000,,
11204111,AP_11204111_5415,MA3-28,27500000000,30000000000,,
11204111,AP_11204111_5416,MA3-29,27500000000,30000000000,,
11204111,AP_11204111_5417,MA3-30,27500000000,30000000000,,
11204111,AP_11204111_5418,MA3-31,27500000000,30000000000,,
11204111,AP_11204111_5432,MA3-45,27500000000,30000000000,,
11204111,AP_11204111_5433,MA3-46,27500000000,30000000000,,
11204111,AP_11204111_5434,MA3-47,27500000000,30000000000,,
11204111,AP_11204111_5435,MA3-48,27500000000,30000000000,,
11204111,AP_11204111_5436,MA3-49,27500000000,30000000000,,
11204111,AP_11204111_5437,MA3-50,27500000000,30000000000,,
11204111,AP_11204111_5438,MA3-51,27500000000,30000000000,,
11204111,AP_11204111_5439,MA3-52,27500000000,30000000000,,
11204111,AP_11204111_5440,MA3-53,27500000000,30000000000,,
11204111,AP_11204111_5441,MA3-54,27500000000,30000000000,,
11204111,AP_11204111_5442,MA3-55,27500000000,30000000000,,
11204111,AP_11204111_5443,MA3-56,27500000000,30000000000,,
11204111,AP_11204111_5444,MA3-57,27500000000,30000000000,,
11204111,AP_11204111_5445,MA3-58,27500000000,30000000000,,
11204111,AP_11204111_5446,MA3-59,27500000000,30000000000,,
11204111,AP_11204111_5447,MA3-60,27500000000,30000000000,,
11204111,AP_11204111_5448,MA3-61,27500000000,30000000000,,
11204111,AP_11204111_5449,MA3-62,27500000000,30000000000,,
11204111,AP_11204111_5450,MA3-63,27500000000,30000000000,,
11204111,AP_11204111_5451,MA3-64,27500000000,30000000000,,
11204111,AP_11204111_5452,MA3-65,27500000000,30000000000,,
11204111,AP_11204111_5453,MA3-66,27500000000,30000000000,,
11204111,AP_11204111_5454,MA3-67,27500000000,30000000000,,
11204111,AP_11204111_5455,MA3-68,27500000000,30000000000,,
11204111,AP_11204111_5456,MA3-69,27500000000,30000000000,,
11204111,AP_11204111_5329,MA2-30,27500000000,30000000000,,
11204111,AP_11204111_5330,MA2-31,27500000000,30000000000,,
11204111,AP_11204111_5331,MA2-32,27500000000,30000000000,,
11204111,AP_11204111_5332,MA2-33,27500000000,30000000000,,
11204111,AP_11204111_5333,MA2-34,27500000000,30000000000,,
11204111,AP_11204111_5334,MA2-35,27500000000,30000000000,,
11204111,AP_11204111_5335,MA2-36,27500000000,30000000000,,
11204111,AP_11204111_5336,MA2-37,27500000000,30000000000,,
11204111,AP_11204111_5337,MA2-38,27500000000,30000000000,,
11204111,AP_11204111_5338,MA2-39,27500000000,30000000000,,
11204111,AP_11204111_5339,MA2-40,27500000000,30000000000,,
11204111,AP_11204111_5340,MA2-41,27500000000,30000000000,,
11204111,AP_11204111_5341,MA2-42,27500000000,30000000000,,
11204111,AP_11204111_5342,MA2-43,27500000000,30000000000,,
11204111,AP_11204111_5343,MA2-44,27500000000,30000000000,,
11204111,AP_11204111_5344,MA2-45,27500000000,30000000000,,
11204111,AP_11204111_5345,MA2-46,27500000000,30000000000,,
11204111,AP_11204111_5346,MA2-47,27500000000,30000000000,,
11204111,AP_11204111_5347,MA2-48,27500000000,30000000000,,
11204111,AP_11204111_5348,MA2-49,27500000000,30000000000,,
11204111,AP_11204111_5349,MA2-50,27500000000,30000000000,,
11204111,AP_11204111_5350,MA2-51,27500000000,30000000000,,
11204111,AP_11204111_5351,MA2-52,27500000000,30000000000,,
11204111,AP_11204111_5352,MA2-53,27500000000,30000000000,,
11204111,AP_11204111_5353,MA2-54,27500000000,30000000000,,
11204111,AP_11204111_5354,MA2-55,27500000000,30000000000,,
11204111,AP_11204111_5355,MA2-56,27500000000,30000000000,,
11204111,AP_11204111_5356,MA2-57,27500000000,30000000000,,
11204111,AP_11204111_5357,MA2-58,27500000000,30000000000,,
11204111,AP_11204111_5358,MA2-59,27500000000,30000000000,,
11204111,AP_11204111_5359,MA2-60,27500000000,30000000000,,
11204111,AP_11204111_5360,MA2-61,27500000000,30000000000,,
11204111,AP_11204111_5361,MA2-62,27500000000,30000000000,,
11204111,AP_11204111_5362,MA2-63,27500000000,30000000000,,
11204111,AP_11204111_5363,MA2-64,27500000000,30000000000,,
11204111,AP_11204111_5364,MA2-65,27500000000,30000000000,,
11204111,AP_11204111_5365,MA2-66,27500000000,30000000000,,
11204111,AP_11204111_5366,MA2-67,27500000000,30000000000,,
11204111,AP_11204111_5367,MA2-68,27500000000,30000000000,,
11204111,AP_11204111_5368,MA2-69,27500000000,30000000000,,
11204111,AP_11204111_5369,MA2-70,27500000000,30000000000,,
11204111,AP_11204111_5370,MA2-71,27500000000,30000000000,,
11204111,AP_11204111_5371,MA2-72,27500000000,30000000000,,
11204111,AP_11204111_5372,MA2-73,27500000000,30000000000,,
11204111,AP_11204111_5373,MA2-74,27500000000,30000000000,,
11204111,AP_11204111_5374,MA2-75,27500000000,30000000000,,
11204111,AP_11204111_5375,MA2-76,27500000000,30000000000,,
11204111,AP_11204111_5376,MA2-77,27500000000,30000000000,,
11204111,AP_11204111_5377,MA2-78,27500000000,30000000000,,
11204111,AP_11204111_5378,MA2-79,27500000000,30000000000,,
11204111,AP_11204111_5379,MA2-80,27500000000,30000000000,,
11204111,AP_11204111_5380,MA2-81,27500000000,30000000000,,
11204111,AP_11204111_5381,MA2-82,27500000000,30000000000,,
11204111,AP_11204111_5382,MA2-83,27500000000,30000000000,,
11204111,AP_11204111_5383,MA2-84,27500000000,30000000000,,
11204111,AP_11204111_5384,MA2-85,27500000000,30000000000,,
11204111,AP_11204111_5385,MA2-86,27500000000,30000000000,,
11204111,AP_11204111_5386,MA2-87,27500000000,30000000000,,
11204111,AP_11204111_5387,MA2-88,27500000000,30000000000,,
11204111,AP_11204111_5388,MA3-1,27500000000,30000000000,,
11204111,AP_11204111_5389,MA3-2,27500000000,30000000000,,
11204111,AP_11204111_5390,MA3-3,27500000000,30000000000,,
11204111,AP_11204111_5391,MA3-4,27500000000,30000000000,,
11204111,AP_11204111_5392,MA3-5,27500000000,30000000000,,
11204111,AP_11204111_5265,MA59,27500000000,30000000000,,
11204111,AP_11204111_5266,MA60,27500000000,30000000000,,
11204111,AP_11204111_5267,MA61,27500000000,30000000000,,
11204111,AP_11204111_5268,MA62,27500000000,30000000000,,
11204111,AP_11204111_5269,MA63,27500000000,30000000000,,
11204111,AP_11204111_5270,MA64,27500000000,30000000000,,
11204111,AP_11204111_5271,MA65,27500000000,30000000000,,
11204111,AP_11204111_5272,MA66,27500000000,30000000000,,
11204111,AP_11204111_5273,MA67,27500000000,30000000000,,
11204111,AP_11204111_5274,MA68,27500000000,30000000000,,
11204111,AP_11204111_5275,MA69,27500000000,30000000000,,
11204111,AP_11204111_5276,MA70,27500000000,30000000000,,
11204111,AP_11204111_5277,MA71,27500000000,30000000000,,
11204111,AP_11204111_5278,MA72,27500000000,30000000000,,
11204111,AP_11204111_5279,MA73,27500000000,30000000000,,
11204111,AP_11204111_5280,MA74,27500000000,30000000000,,
11204111,AP_11204111_5281,MA75,27500000000,30000000000,,
11204111,AP_11204111_5282,MA76,27500000000,30000000000,,
11204111,AP_11204111_5283,MA77,27500000000,30000000000,,
11204111,AP_11204111_5284,MA78,27500000000,30000000000,,
11204111,AP_11204111_5285,MA79,27500000000,30000000000,,
11204111,AP_11204111_5286,MA80,27500000000,30000000000,,
11204111,AP_11204111_5287,MA81,27500000000,30000000000,,
11204111,AP_11204111_5288,MA82,27500000000,30000000000,,
11204111,AP_11204111_5289,MA83,27500000000,30000000000,,
11204111,AP_11204111_5290,MA84,27500000000,30000000000,,
11204111,AP_11204111_5291,MA85,27500000000,30000000000,,
11204111,AP_11204111_5292,MA86,27500000000,30000000000,,
11204111,AP_11204111_5293,MA87,27500000000,30000000000,,
11204111,AP_11204111_5294,MA88,27500000000,30000000000,,
11204111,AP_11204111_5295,MA89,27500000000,30000000000,,
11204111,AP_11204111_5296,MA90,27500000000,30000000000,,
11204111,AP_11204111_5297,MA91,27500000000,30000000000,,
11204111,AP_11204111_5298,MA92,27500000000,30000000000,,
11204111,AP_11204111_5299,MA93,27500000000,30000000000,,
11204111,AP_11204111_5300,MA2-1,27500000000,30000000000,,
11204111,AP_11204111_5301,MA2-2,27500000000,30000000000,,
11204111,AP_11204111_5302,MA2-3,27500000000,30000000000,,
11204111,AP_11204111_5303,MA2-4,27500000000,30000000000,,
11204111,AP_11204111_5304,MA2-5,27500000000,30000000000,,
11204111,AP_11204111_5305,MA2-6,27500000000,30000000000,,
11204111,AP_11204111_5306,MA2-7,27500000000,30000000000,,
11204111,AP_11204111_5307,MA2-8,27500000000,30000000000,,
11204111,AP_11204111_5308,MA2-9,27500000000,30000000000,,
11204111,AP_11204111_5309,MA2-10,27500000000,30000000000,,
11204111,AP_11204111_5310,MA2-11,27500000000,30000000000,,
11204111,AP_11204111_5311,MA2-12,27500000000,30000000000,,
11204111,AP_11204111_5312,MA2-13,27500000000,30000000000,,
11204111,AP_11204111_5313,MA2-14,27500000000,30000000000,,
11204111,AP_11204111_5314,MA2-15,27500000000,30000000000,,
11204111,AP_11204111_5315,MA2-16,27500000000,30000000000,,
11204111,AP_11204111_5316,MA2-17,27500000000,30000000000,,
11204111,AP_11204111_5317,MA2-18,27500000000,30000000000,,
11204111,AP_11204111_5318,MA2-19,27500000000,30000000000,,
11204111,AP_11204111_5319,MA2-20,27500000000,30000000000,,
11204111,AP_11204111_5320,MA2-21,27500000000,30000000000,,
11204111,AP_11204111_5321,MA2-22,27500000000,30000000000,,
11204111,AP_11204111_5322,MA2-23,27500000000,30000000000,,
11204111,AP_11204111_5323,MA2-24,27500000000,30000000000,,
11204111,AP_11204111_5324,MA2-25,27500000000,30000000000,,
11204111,AP_11204111_5325,MA2-26,27500000000,30000000000,,
11204111,AP_11204111_5326,MA2-27,27500000000,30000000000,,
11204111,AP_11204111_5327,MA2-28,27500000000,30000000000,,
11204111,AP_11204111_5328,MA2-29,27500000000,30000000000,,
11204111,AP_11204111_5207,MA1,27500000000,30000000000,,
11204111,AP_11204111_5208,MA2,27500000000,30000000000,,
11204111,AP_11204111_5209,MA3,27500000000,30000000000,,
11204111,AP_11204111_5210,MA4,27500000000,30000000000,,
11204111,AP_11204111_5211,MA5,27500000000,30000000000,,
11204111,AP_11204111_5212,MA6,27500000000,30000000000,,
11204111,AP_11204111_5213,MA7,27500000000,30000000000,,
11204111,AP_11204111_5214,MA8,27500000000,30000000000,,
11204111,AP_11204111_5215,MA9,27500000000,30000000000,,
11204111,AP_11204111_5216,MA10,27500000000,30000000000,,
11204111,AP_11204111_5217,MA11,27500000000,30000000000,,
11204111,AP_11204111_5218,MA12,27500000000,30000000000,,
11204111,AP_11204111_5219,MA13,27500000000,30000000000,,
11204111,AP_11204111_5220,MA14,27500000000,30000000000,,
11204111,AP_11204111_5221,MA15,27500000000,30000000000,,
11204111,AP_11204111_5222,MA16,27500000000,30000000000,,
11204111,AP_11204111_5223,MA17,27500000000,30000000000,,
11204111,AP_11204111_5224,MA18,27500000000,30000000000,,
11204111,AP_11204111_5225,MA19,27500000000,30000000000,,
11204111,AP_11204111_5226,MA20,27500000000,30000000000,,
11204111,AP_11204111_5227,MA21,27500000000,30000000000,,
11204111,AP_11204111_5228,MA22,27500000000,30000000000,,
11204111,AP_11204111_5229,MA23,27500000000,30000000000,,
11204111,AP_11204111_5230,MA24,27500000000,30000000000,,
11204111,AP_11204111_5231,MA25,27500000000,30000000000,,
11204111,AP_11204111_5232,MA26,27500000000,30000000000,,
11204111,AP_11204111_5233,MA27,27500000000,30000000000,,
11204111,AP_11204111_5234,MA28,27500000000,30000000000,,
11204111,AP_11204111_5235,MA29,27500000000,30000000000,,
11204111,AP_11204111_5236,MA30,27500000000,30000000000,,
11204111,AP_11204111_5237,MA31,27500000000,30000000000,,
11204111,AP_11204111_5238,MA32,27500000000,30000000000,,
11204111,AP_11204111_5239,MA33,27500000000,30000000000,,
11204111,AP_11204111_5240,MA34,27500000000,30000000000,,
11204111,AP_11204111_5241,MA35,27500000000,30000000000,,
11204111,AP_11204111_5242,MA36,27500000000,30000000000,,
11204111,AP_11204111_5243,MA37,27500000000,30000000000,,
11204111,AP_11204111_5244,MA38,27500000000,30000000000,,
11204111,AP_11204111_5245,MA39,27500000000,30000000000,,
11204111,AP_11204111_5246,MA40,27500000000,30000000000,,
11204111,AP_11204111_5247,MA41,27500000000,30000000000,,
11204111,AP_11204111_5248,MA42,27500000000,30000000000,,
11204111,AP_11204111_5249,MA43,27500000000,30000000000,,
11204111,AP_11204111_5250,MA44,27500000000,30000000000,,
11204111,AP_11204111_5251,MA45,27500000000,30000000000,,
11204111,AP_11204111_5252,MA46,27500000000,30000000000,,
11204111,AP_11204111_5253,MA47,27500000000,30000000000,,
11204111,AP_11204111_5254,MA48,27500000000,30000000000,,
11204111,AP_11204111_5255,MA49,27500000000,30000000000,,
11204111,AP_11204111_5256,MA50,27500000000,30000000000,,
11204111,AP_11204111_5257,MA51,27500000000,30000000000,,
11204111,AP_11204111_5258,MA52,27500000000,30000000000,,
11204111,AP_11204111_5259,MA53,27500000000,30000000000,,
11204111,AP_11204111_5260,MA54,27500000000,30000000000,,
11204111,AP_11204111_5261,MA55,27500000000,30000000000,,
11204111,AP_11204111_5262,MA56,27500000000,30000000000,,
11204111,AP_11204111_5263,MA57,27500000000,30000000000,,
11204111,AP_11204111_5264,MA58,27500000000,30000000000,,
11204122,AP_11204122_5553,MA93,27500000000,30000000000,,
11204122,AP_11204122_5554,MA94,27500000000,30000000000,,
11204122,AP_11204122_5555,MA95,27500000000,30000000000,,
11204122,AP_11204122_5556,MA96,27500000000,30000000000,,
11204122,AP_11204122_5557,MA97,27500000000,30000000000,,
11204122,AP_11204122_5558,MA98,27500000000,30000000000,,
11204122,AP_11204122_5559,MA99,27500000000,30000000000,,
11204122,AP_11204122_5560,MA100,27500000000,30000000000,,
11204122,AP_11204122_5561,MA101,27500000000,30000000000,,
11204122,AP_11204122_5562,MA102,27500000000,30000000000,,
11204122,AP_11204122_5563,MA103,27500000000,30000000000,,
11204122,AP_11204122_5564,MA104,27500000000,30000000000,,
11204122,AP_11204122_5565,MA105,27500000000,30000000000,,
11204122,AP_11204122_5566,MA106,27500000000,30000000000,,
11204122,AP_11204122_5567,MA107,27500000000,30000000000,,
11204122,AP_11204122_5568,MA108,27500000000,30000000000,,
11204122,AP_11204122_5569,MA109,27500000000,30000000000,,
11204122,AP_11204122_5570,MA110,27500000000,30000000000,,
11204122,AP_11204122_5571,MA111,27500000000,30000000000,,
11204122,AP_11204122_5572,MA112,27500000000,30000000000,,
11204122,AP_11204122_5573,MA113,27500000000,30000000000,,
11204122,AP_11204122_5574,MA114,27500000000,30000000000,,
11204122,AP_11204122_5575,MA115,27500000000,30000000000,,
11204122,AP_11204122_5576,MA116,27500000000,30000000000,,
11204122,AP_11204122_5577,MA117,27500000000,30000000000,,
11204122,AP_11204122_5578,MA118,27500000000,30000000000,,
11204122,AP_11204122_5579,MA119,27500000000,30000000000,,
11204122,AP_11204122_5580,MA120,27500000000,30000000000,,
11204122,AP_11204122_5581,MA121,27500000000,30000000000,,
11204122,AP_11204122_5582,MA122,27500000000,30000000000,,
11204122,AP_11204122_5583,MA123,27500000000,30000000000,,
11204122,AP_11204122_5584,MA124,27500000000,30000000000,,
11204122,AP_11204122_5585,MA125,27500000000,30000000000,,
11204122,AP_11204122_5586,MA126,27500000000,30000000000,,
11204122,AP_11204122_5587,MA127,27500000000,30000000000,,
11204122,AP_11204122_5588,MA128,27500000000,30000000000,,
11204122,AP_11204122_5589,MA129,27500000000,30000000000,,
11204122,AP_11204122_5590,MA130,27500000000,30000000000,,
11204122,AP_11204122_5591,MA131,27500000000,30000000000,,
11204122,AP_11204122_5592,MA132,27500000000,30000000000,,
11204122,AP_11204122_5593,MA133,27500000000,30000000000,,
11204122,AP_11204122_5594,MA134,27500000000,30000000000,,
11204122,AP_11204122_5595,MA135,27500000000,30000000000,,
11204122,AP_11204122_5596,MA136,27500000000,30000000000,,
11204122,AP_11204122_5597,MA137,27500000000,30000000000,,
11204122,AP_11204122_5598,MA138,27500000000,30000000000,,
11204122,AP_11204122_5599,MA139,27500000000,30000000000,,
11204122,AP_11204122_5600,MA140,27500000000,30000000000,,
11204122,AP_11204122_5601,MA141,27500000000,30000000000,,
11204122,AP_11204122_5602,MA142,27500000000,30000000000,,
11204122,AP_11204122_5603,MA143,27500000000,30000000000,,
11204122,AP_11204122_5604,MA144,27500000000,30000000000,,
11204122,AP_11204122_5605,MA145,27500000000,30000000000,,
11204122,AP_11204122_5606,MA146,27500000000,30000000000,,
11204122,AP_11204122_5607,MA147,27500000000,30000000000,,
11204122,AP_11204122_5608,MA148,27500000000,30000000000,,
11204122,AP_11204122_5609,MA149,27500000000,30000000000,,
11204122,AP_11204122_5610,MA150,27500000000,30000000000,,
11204122,AP_11204122_5611,MA151,27500000000,30000000000,,
11204122,AP_11204122_5612,MA152,27500000000,30000000000,,
11204122,AP_11204122_5613,MA153,27500000000,30000000000,,
11204122,AP_11204122_5614,MA154,27500000000,30000000000,,
11204122,AP_11204122_5615,MA155,27500000000,30000000000,,
11204122,AP_11204122_5616,MA156,27500000000,30000000000,,
11204122,AP_11204122_5617,MA157,27500000000,30000000000,,
11204122,AP_11204122_5618,MA158,27500000000,30000000000,,
11204122,AP_11204122_5619,MA159,27500000000,30000000000,,
11204122,AP_11204122_5620,MA160,27500000000,30000000000,,
11204122,AP_11204122_5621,MA161,27500000000,30000000000,,
11204122,AP_11204122_5622,MA162,27500000000,30000000000,,
11204122,AP_11204122_5461,MA1,27500000000,30000000000,,
11204122,AP_11204122_5462,MA2,27500000000,30000000000,,
11204122,AP_11204122_5463,MA3,27500000000,30000000000,,
11204122,AP_11204122_5464,MA4,27500000000,30000000000,,
11204122,AP_11204122_5465,MA5,27500000000,30000000000,,
11204122,AP_11204122_5466,MA6,27500000000,30000000000,,
11204122,AP_11204122_5467,MA7,27500000000,30000000000,,
11204122,AP_11204122_5468,MA8,27500000000,30000000000,,
11204122,AP_11204122_5469,MA9,27500000000,30000000000,,
11204122,AP_11204122_5470,MA10,27500000000,30000000000,,
11204122,AP_11204122_5471,MA11,27500000000,30000000000,,
11204122,AP_11204122_5472,MA12,27500000000,30000000000,,
11204122,AP_11204122_5473,MA13,27500000000,30000000000,,
11204122,AP_11204122_5474,MA14,27500000000,30000000000,,
11204122,AP_11204122_5475,MA15,27500000000,30000000000,,
11204122,AP_11204122_5476,MA16,27500000000,30000000000,,
11204122,AP_11204122_5477,MA17,27500000000,30000000000,,
11204122,AP_11204122_5478,MA18,27500000000,30000000000,,
11204122,AP_11204122_5479,MA19,27500000000,30000000000,,
11204122,AP_11204122_5480,MA20,27500000000,30000000000,,
11204122,AP_11204122_5481,MA21,27500000000,30000000000,,
11204122,AP_11204122_5482,MA22,27500000000,30000000000,,
11204122,AP_11204122_5483,MA23,27500000000,30000000000,,
11204122,AP_11204122_5484,MA24,27500000000,30000000000,,
11204122,AP_11204122_5485,MA25,27500000000,30000000000,,
11204122,AP_11204122_5486,MA26,27500000000,30000000000,,
11204122,AP_11204122_5487,MA27,27500000000,30000000000,,
11204122,AP_11204122_5757,MA297,27500000000,30000000000,,
11204122,AP_11204122_5758,MA298,27500000000,30000000000,,
11204122,AP_11204122_5759,MA299,27500000000,30000000000,,
11204122,AP_11204122_5760,MA300,27500000000,30000000000,,
11204122,AP_11204122_5761,MA301,27500000000,30000000000,,
11204122,AP_11204122_5762,MA302,27500000000,30000000000,,
11204122,AP_11204122_5763,MA303,27500000000,30000000000,,
11204122,AP_11204122_5764,MA304,27500000000,30000000000,,
11204122,AP_11204122_5765,MA305,27500000000,30000000000,,
11204122,AP_11204122_5766,MA306,27500000000,30000000000,,
11204122,AP_11204122_5767,MA307,27500000000,30000000000,,
11204122,AP_11204122_5768,MA308,27500000000,30000000000,,
11204122,AP_11204122_5769,MA309,27500000000,30000000000,,
11204122,AP_11204122_5770,MA310,27500000000,30000000000,,
11204122,AP_11204122_5771,MA311,27500000000,30000000000,,
11204122,AP_11204122_5772,MA312,27500000000,30000000000,,
11204122,AP_11204122_5773,MA313,27500000000,30000000000,,
11204122,AP_11204122_5774,MA314,27500000000,30000000000,,
11204122,AP_11204122_5775,MA315,27500000000,30000000000,,
11204122,AP_11204122_5776,MA316,27500000000,30000000000,,
11204122,AP_11204122_5777,MA317,27500000000,30000000000,,
11204122,AP_11204122_5778,MA318,27500000000,30000000000,,
11204122,AP_11204122_5779,MA319,27500000000,30000000000,,
11204122,AP_11204122_5780,MA320,27500000000,30000000000,,
11204122,AP_11204122_5781,MA321,27500000000,30000000000,,
11204122,AP_11204122_5782,MA322,27500000000,30000000000,,
11204122,AP_11204122_5783,MA323,27500000000,30000000000,,
11204122,AP_11204122_5784,MA324,27500000000,30000000000,,
11204122,AP_11204122_5785,MA325,27500000000,30000000000,,
11204122,AP_11204122_5786,MA326,27500000000,30000000000,,
11204122,AP_11204122_5787,MA327,27500000000,30000000000,,
11204122,AP_11204122_5788,MA328,27500000000,30000000000,,
11204122,AP_11204122_5789,MA329,27500000000,30000000000,,
11204122,AP_11204122_5790,MA330,27500000000,30000000000,,
11204122,AP_11204122_5791,MA331,27500000000,30000000000,,
11204122,AP_11204122_5792,MA332,27500000000,30000000000,,
11204122,AP_11204122_5793,MA333,27500000000,30000000000,,
11204122,AP_11204122_5794,MA334,27500000000,30000000000,,
11204122,AP_11204122_5795,MA335,27500000000,30000000000,,
11204122,AP_11204122_5796,MA336,27500000000,30000000000,,
11204122,AP_11204122_5797,MA337,27500000000,30000000000,,
11204122,AP_11204122_5798,MA338,27500000000,30000000000,,
11204122,AP_11204122_5799,MA339,27500000000,30000000000,,
11204122,AP_11204122_5800,MA340,27500000000,30000000000,,
11204122,AP_11204122_5801,MA341,27500000000,30000000000,,
11204122,AP_11204122_5802,MA342,27500000000,30000000000,,
11204122,AP_11204122_5803,MA343,27500000000,30000000000,,
11204122,AP_11204122_5804,MA344,27500000000,30000000000,,
11204122,AP_11204122_5805,MA345,27500000000,30000000000,,
11204122,AP_11204122_5806,MA346,27500000000,30000000000,,
11204122,AP_11204122_5807,MA347,27500000000,30000000000,,
11204122,AP_11204122_5808,MA348,27500000000,30000000000,,
11204122,AP_11204122_5809,MA349,27500000000,30000000000,,
11204122,AP_11204122_5810,MA350,27500000000,30000000000,,
11204122,AP_11204122_5811,MA351,27500000000,30000000000,,
11204122,AP_11204122_5812,MA352,27500000000,30000000000,,
11204122,AP_11204122_5813,MA353,27500000000,30000000000,,
11204122,AP_11204122_5814,MA354,27500000000,30000000000,,
11204122,AP_11204122_5815,MA355,27500000000,30000000000,,
11204122,AP_11204122_5816,MA356,27500000000,30000000000,,
11204122,AP_11204122_5817,MA357,27500000000,30000000000,,
11204122,AP_11204122_5818,MA358,27500000000,30000000000,,
11204122,AP_11204122_5819,MA359,27500000000,30000000000,,
11204122,AP_11204122_5820,MA360,27500000000,30000000000,,
11204122,AP_11204122_5821,MA361,27500000000,30000000000,,
11204122,AP_11204122_5822,MA362,27500000000,30000000000,,
11204122,AP_11204122_5823,MA363,27500000000,30000000000,,
11204122,AP_11204122_5824,MA364,27500000000,30000000000,,
11204122,AP_11204122_5825,MA365,27500000000,30000000000,,
11204122,AP_11204122_5826,MA366,27500000000,30000000000,,
11204122,AP_11204122_5827,MA367,27500000000,30000000000,,
11204122,AP_11204122_5828,MA368,27500000000,30000000000,,
11204122,AP_11204122_5829,MA369,27500000000,30000000000,,
11204122,AP_11204122_5830,MA370,27500000000,30000000000,,
11204122,AP_11204122_5831,MA371,27500000000,30000000000,,
11204122,AP_11204122_5832,MA372,27500000000,30000000000,,
11204122,AP_11204122_5833,MA373,27500000000,30000000000,,
11204122,AP_11204122_5834,MA374,27500000000,30000000000,,
11204122,AP_11204122_5835,MA375,27500000000,30000000000,,
11204122,AP_11204122_5836,MA376,27500000000,30000000000,,
11204122,AP_11204122_5837,MA377,27500000000,30000000000,,
11204122,AP_11204122_5838,MA378,27500000000,30000000000,,
11204122,AP_11204122_5839,MA379,27500000000,30000000000,,
11204122,AP_11204122_5840,MA380,27500000000,30000000000,,
11204122,AP_11204122_5841,MA381,27500000000,30000000000,,
11204122,AP_11204122_5842,MA382,27500000000,30000000000,,
11204122,AP_11204122_5843,MA383,27500000000,30000000000,,
11204122,AP_11204122_5844,MA384,27500000000,30000000000,,
11204122,AP_11204122_5845,MA385,27500000000,30000000000,,
11204122,AP_11204122_5846,MA386,27500000000,30000000000,,
11204122,AP_11204122_5847,MA387,27500000000,30000000000,,
11204122,AP_11204122_5848,MA388,27500000000,30000000000,,
11204122,AP_11204122_5849,MA389,27500000000,30000000000,,
11204122,AP_11204122_5850,MA390,27500000000,30000000000,,
11204122,AP_11204122_5851,MA391,27500000000,30000000000,,
11204122,AP_11204122_5852,MA392,27500000000,30000000000,,
11204122,AP_11204122_5853,MA393,27500000000,30000000000,,
11204122,AP_11204122_5854,MA394,27500000000,30000000000,,
11204122,AP_11204122_5855,MA395,27500000000,30000000000,,
11204122,AP_11204122_5856,MA396,27500000000,30000000000,,
11204122,AP_11204122_5857,MA397,27500000000,30000000000,,
11204122,AP_11204122_5858,MA398,27500000000,30000000000,,
11204122,AP_11204122_5859,MA399,27500000000,30000000000,,
11204122,AP_11204122_5860,MA400,27500000000,30000000000,,
11204122,AP_11204122_5861,MA401,27500000000,30000000000,,
11204122,AP_11204122_5862,MA402,27500000000,30000000000,,
11204122,AP_11204122_5863,MA403,27500000000,30000000000,,
11204122,AP_11204122_5864,MA404,27500000000,30000000000,,
11204122,AP_11204122_5865,MA405,27500000000,30000000000,,
11204122,AP_11204122_5866,MA406,27500000000,30000000000,,
11204122,AP_11204122_5867,MA407,27500000000,30000000000,,
11204122,AP_11204122_5868,MA408,27500000000,30000000000,,
11204122,AP_11204122_5869,MA409,27500000000,30000000000,,
11204122,AP_11204122_5870,MA410,27500000000,30000000000,,
11204122,AP_11204122_5871,MA411,27500000000,30000000000,,
11204122,AP_11204122_5872,MA412,27500000000,30000000000,,
11204122,AP_11204122_5873,MA413,27500000000,30000000000,,
11204122,AP_11204122_5874,MA414,27500000000,30000000000,,
11204122,AP_11204122_5875,MA415,27500000000,30000000000,,
11204122,AP_11204122_5876,MA416,27500000000,30000000000,,
11204122,AP_11204122_5877,MA417,27500000000,30000000000,,
11204122,AP_11204122_5878,MA418,27500000000,30000000000,,
11204122,AP_11204122_5879,MA419,27500000000,30000000000,,
11204122,AP_11204122_5880,MA420,27500000000,30000000000,,
11204122,AP_11204122_5881,MA421,27500000000,30000000000,,
11204122,AP_11204122_5882,MA422,27500000000,30000000000,,
11204122,AP_11204122_5883,MA423,27500000000,30000000000,,
11204122,AP_11204122_5884,MA424,27500000000,30000000000,,
11204122,AP_11204122_5885,MA425,27500000000,30000000000,,
11204122,AP_11204122_5886,MA426,27500000000,30000000000,,
11204122,AP_11204122_5887,MA427,27500000000,30000000000,,
11204122,AP_11204122_5888,MA428,27500000000,30000000000,,
11204122,AP_11204122_5889,MA429,27500000000,30000000000,,
11204122,AP_11204122_5890,MA430,27500000000,30000000000,,
11204122,AP_11204122_5891,MA431,27500000000,30000000000,,
11204122,AP_11204122_5892,MA432,27500000000,30000000000,,
11204122,AP_11204122_5893,MA433,27500000000,30000000000,,
11204122,AP_11204122_5894,MA434,27500000000,30000000000,,
11204122,AP_11204122_5895,MA435,27500000000,30000000000,,
11204122,AP_11204122_5896,MA436,27500000000,30000000000,,
11204122,AP_11204122_5897,MA437,27500000000,30000000000,,
11204122,AP_11204122_5898,MA438,27500000000,30000000000,,
11204122,AP_11204122_5899,MA439,27500000000,30000000000,,
11204122,AP_11204122_5900,MA440,27500000000,30000000000,,
11204122,AP_11204122_5901,MA441,27500000000,30000000000,,
11204122,AP_11204122_5902,MA442,27500000000,30000000000,,
11204122,AP_11204122_5903,MA443,27500000000,30000000000,,
11204122,AP_11204122_5904,MA444,27500000000,30000000000,,
11204122,AP_11204122_5905,MA445,27500000000,30000000000,,
11204122,AP_11204122_5906,MA446,27500000000,30000000000,,
11204122,AP_11204122_5907,MA447,27500000000,30000000000,,
11204122,AP_11204122_5908,MA448,27500000000,30000000000,,
11204122,AP_11204122_5909,MA449,27500000000,30000000000,,
11204122,AP_11204122_5910,MA450,27500000000,30000000000,,
11204122,AP_11204122_5911,MA451,27500000000,30000000000,,
11204122,AP_11204122_5912,MA452,27500000000,30000000000,,
11204122,AP_11204122_5913,MA453,27500000000,30000000000,,
11204122,AP_11204122_5914,MA454,27500000000,30000000000,,
11204122,AP_11204122_5915,MA455,27500000000,30000000000,,
11204122,AP_11204122_5916,MA456,27500000000,30000000000,,
11204122,AP_11204122_5917,MA457,27500000000,30000000000,,
11204122,AP_11204122_5918,MA458,27500000000,30000000000,,
11204122,AP_11204122_5919,MA459,27500000000,30000000000,,
11204122,AP_11204122_5920,MA460,27500000000,30000000000,,
11204122,AP_11204122_5921,MA461,27500000000,30000000000,,
11204122,AP_11204122_5922,MA462,27500000000,30000000000,,
11204122,AP_11204122_5923,MA463,27500000000,30000000000,,
11204122,AP_11204122_5924,MA464,27500000000,30000000000,,
11204122,AP_11204122_5925,MA465,27500000000,30000000000,,
11204122,AP_11204122_5926,MA466,27500000000,30000000000,,
11204122,AP_11204122_5927,MA467,27500000000,30000000000,,
11204122,AP_11204122_5928,MA468,27500000000,30000000000,,
11204122,AP_11204122_5929,MA469,27500000000,30000000000,,
11204122,AP_11204122_5930,MA470,27500000000,30000000000,,
11204122,AP_11204122_5931,MA471,27500000000,30000000000,,
11204122,AP_11204122_5932,MA472,27500000000,30000000000,,
11204122,AP_11204122_5933,MA473,27500000000,30000000000,,
11204122,AP_11204122_5934,MA474,27500000000,30000000000,,
11204122,AP_11204122_5935,MA475,27500000000,30000000000,,
11204122,AP_11204122_5936,MA476,27500000000,30000000000,,
11204122,AP_11204122_5937,MA477,27500000000,30000000000,,
11204122,AP_11204122_5938,MA478,27500000000,30000000000,,
11204122,AP_11204122_5939,MA479,27500000000,30000000000,,
11204122,AP_11204122_5940,MA480,27500000000,30000000000,,
11204122,AP_11204122_5941,MA481,27500000000,30000000000,,
11204122,AP_11204122_5942,MA482,27500000000,30000000000,,
11204122,AP_11204122_5943,MA483,27500000000,30000000000,,
11204122,AP_11204122_5944,MA484,27500000000,30000000000,,
11204122,AP_11204122_5945,MA485,27500000000,30000000000,,
11204122,AP_11204122_5946,MA486,27500000000,30000000000,,
11204122,AP_11204122_5947,MA487,27500000000,30000000000,,
11204122,AP_11204122_5948,MA488,27500000000,30000000000,,
11204122,AP_11204122_5949,MA489,27500000000,30000000000,,
11204122,AP_11204122_5950,MA490,27500000000,30000000000,,
11204122,AP_11204122_5951,MA491,27500000000,30000000000,,
11204122,AP_11204122_5623,MA163,27500000000,30000000000,,
11204122,AP_11204122_5624,MA164,27500000000,30000000000,,
11204122,AP_11204122_5625,MA165,27500000000,30000000000,,
11204122,AP_11204122_5626,MA166,27500000000,30000000000,,
11204122,AP_11204122_5627,MA167,27500000000,30000000000,,
11204122,AP_11204122_5628,MA168,27500000000,30000000000,,
11204122,AP_11204122_5629,MA169,27500000000,30000000000,,
11204122,AP_11204122_5630,MA170,27500000000,30000000000,,
11204122,AP_11204122_5631,MA171,27500000000,30000000000,,
11204122,AP_11204122_5632,MA172,27500000000,30000000000,,
11204122,AP_11204122_5633,MA173,27500000000,30000000000,,
11204122,AP_11204122_5634,MA174,27500000000,30000000000,,
11204122,AP_11204122_5635,MA175,27500000000,30000000000,,
11204122,AP_11204122_5636,MA176,27500000000,30000000000,,
11204122,AP_11204122_5637,MA177,27500000000,30000000000,,
11204122,AP_11204122_5638,MA178,27500000000,30000000000,,
11204122,AP_11204122_5639,MA179,27500000000,30000000000,,
11204122,AP_11204122_5640,MA180,27500000000,30000000000,,
11204122,AP_11204122_5641,MA181,27500000000,30000000000,,
11204122,AP_11204122_5642,MA182,27500000000,30000000000,,
11204122,AP_11204122_5643,MA183,27500000000,30000000000,,
11204122,AP_11204122_5644,MA184,27500000000,30000000000,,
11204122,AP_11204122_5645,MA185,27500000000,30000000000,,
11204122,AP_11204122_5646,MA186,27500000000,30000000000,,
11204122,AP_11204122_5647,MA187,27500000000,30000000000,,
11204122,AP_11204122_5648,MA188,27500000000,30000000000,,
11204122,AP_11204122_5649,MA189,27500000000,30000000000,,
11204122,AP_11204122_5650,MA190,27500000000,30000000000,,
11204122,AP_11204122_5651,MA191,27500000000,30000000000,,
11204122,AP_11204122_5652,MA192,27500000000,30000000000,,
11204122,AP_11204122_5653,MA193,27500000000,30000000000,,
11204122,AP_11204122_5654,MA194,27500000000,30000000000,,
11204122,AP_11204122_5655,MA195,27500000000,30000000000,,
11204122,AP_11204122_5656,MA196,27500000000,30000000000,,
11204122,AP_11204122_5657,MA197,27500000000,30000000000,,
11204122,AP_11204122_5658,MA198,27500000000,30000000000,,
11204122,AP_11204122_5659,MA199,27500000000,30000000000,,
11204122,AP_11204122_5660,MA200,27500000000,30000000000,,
11204122,AP_11204122_5661,MA201,27500000000,30000000000,,
11204122,AP_11204122_5662,MA202,27500000000,30000000000,,
11204122,AP_11204122_5663,MA203,27500000000,30000000000,,
11204122,AP_11204122_5664,MA204,27500000000,30000000000,,
11204122,AP_11204122_5665,MA205,27500000000,30000000000,,
11204122,AP_11204122_5666,MA206,27500000000,30000000000,,
11204122,AP_11204122_5667,MA207,27500000000,30000000000,,
11204122,AP_11204122_5668,MA208,27500000000,30000000000,,
11204122,AP_11204122_5669,MA209,27500000000,30000000000,,
11204122,AP_11204122_5670,MA210,27500000000,30000000000,,
11204122,AP_11204122_5671,MA211,27500000000,30000000000,,
11204122,AP_11204122_5672,MA212,27500000000,30000000000,,
11204122,AP_11204122_5673,MA213,27500000000,30000000000,,
11204122,AP_11204122_5674,MA214,27500000000,30000000000,,
11204122,AP_11204122_5675,MA215,27500000000,30000000000,,
11204122,AP_11204122_5676,MA216,27500000000,30000000000,,
11204122,AP_11204122_5677,MA217,27500000000,30000000000,,
11204122,AP_11204122_5678,MA218,27500000000,30000000000,,
11204122,AP_11204122_5679,MA219,27500000000,30000000000,,
11204122,AP_11204122_5680,MA220,27500000000,30000000000,,
11204122,AP_11204122_5681,MA221,27500000000,30000000000,,
11204122,AP_11204122_5682,MA222,27500000000,30000000000,,
11204122,AP_11204122_5683,MA223,27500000000,30000000000,,
11204122,AP_11204122_5684,MA224,27500000000,30000000000,,
11204122,AP_11204122_5685,MA225,27500000000,30000000000,,
11204122,AP_11204122_5686,MA226,27500000000,30000000000,,
11204122,AP_11204122_5687,MA227,27500000000,30000000000,,
11204122,AP_11204122_5688,MA228,27500000000,30000000000,,
11204122,AP_11204122_5689,MA229,27500000000,30000000000,,
11204122,AP_11204122_5690,MA230,27500000000,30000000000,,
11204122,AP_11204122_5691,MA231,27500000000,30000000000,,
11204122,AP_11204122_5692,MA232,27500000000,30000000000,,
11204122,AP_11204122_5693,MA233,27500000000,30000000000,,
11204122,AP_11204122_5694,MA234,27500000000,30000000000,,
11204122,AP_11204122_5695,MA235,27500000000,30000000000,,
11204122,AP_11204122_5696,MA236,27500000000,30000000000,,
11204122,AP_11204122_5697,MA237,27500000000,30000000000,,
11204122,AP_11204122_5698,MA238,27500000000,30000000000,,
11204122,AP_11204122_5699,MA239,27500000000,30000000000,,
11204122,AP_11204122_5700,MA240,27500000000,30000000000,,
11204122,AP_11204122_5701,MA241,27500000000,30000000000,,
11204122,AP_11204122_5702,MA242,27500000000,30000000000,,
11204122,AP_11204122_5703,MA243,27500000000,30000000000,,
11204122,AP_11204122_5704,MA244,27500000000,30000000000,,
11204122,AP_11204122_5705,MA245,27500000000,30000000000,,
11204122,AP_11204122_5706,MA246,27500000000,30000000000,,
11204122,AP_11204122_5707,MA247,27500000000,30000000000,,
11204122,AP_11204122_5708,MA248,27500000000,30000000000,,
11204122,AP_11204122_5709,MA249,27500000000,30000000000,,
11204122,AP_11204122_5710,MA250,27500000000,30000000000,,
11204122,AP_11204122_5711,MA251,27500000000,30000000000,,
11204122,AP_11204122_5712,MA252,27500000000,30000000000,,
11204122,AP_11204122_5713,MA253,27500000000,30000000000,,
11204122,AP_11204122_5714,MA254,27500000000,30000000000,,
11204122,AP_11204122_5715,MA255,27500000000,30000000000,,
11204122,AP_11204122_5716,MA256,27500000000,30000000000,,
11204122,AP_11204122_5717,MA257,27500000000,30000000000,,
11204122,AP_11204122_5718,MA258,27500000000,30000000000,,
11204122,AP_11204122_5719,MA259,27500000000,30000000000,,
11204122,AP_11204122_5720,MA260,27500000000,30000000000,,
11204122,AP_11204122_5721,MA261,27500000000,30000000000,,
11204122,AP_11204122_5722,MA262,27500000000,30000000000,,
11204122,AP_11204122_5723,MA263,27500000000,30000000000,,
11204122,AP_11204122_5724,MA264,27500000000,30000000000,,
11204122,AP_11204122_5725,MA265,27500000000,30000000000,,
11204122,AP_11204122_5726,MA266,27500000000,30000000000,,
11204122,AP_11204122_5727,MA267,27500000000,30000000000,,
11204122,AP_11204122_5728,MA268,27500000000,30000000000,,
11204122,AP_11204122_5729,MA269,27500000000,30000000000,,
11204122,AP_11204122_5730,MA270,27500000000,30000000000,,
11204122,AP_11204122_5731,MA271,27500000000,30000000000,,
11204122,AP_11204122_5732,MA272,27500000000,30000000000,,
11204122,AP_11204122_5733,MA273,27500000000,30000000000,,
11204122,AP_11204122_5734,MA274,27500000000,30000000000,,
11204122,AP_11204122_5735,MA275,27500000000,30000000000,,
11204122,AP_11204122_5736,MA276,27500000000,30000000000,,
11204122,AP_11204122_5737,MA277,27500000000,30000000000,,
11204122,AP_11204122_5738,MA278,27500000000,30000000000,,
11204122,AP_11204122_5739,MA279,27500000000,30000000000,,
11204122,AP_11204122_5740,MA280,27500000000,30000000000,,
11204122,AP_11204122_5741,MA281,27500000000,30000000000,,
11204122,AP_11204122_5742,MA282,27500000000,30000000000,,
11204122,AP_11204122_5743,MA283,27500000000,30000000000,,
11204122,AP_11204122_5744,MA284,27500000000,30000000000,,
11204122,AP_11204122_5745,MA285,27500000000,30000000000,,
11204122,AP_11204122_5746,MA286,27500000000,30000000000,,
11204122,AP_11204122_5747,MA287,27500000000,30000000000,,
11204122,AP_11204122_5748,MA288,27500000000,30000000000,,
11204122,AP_11204122_5749,MA289,27500000000,30000000000,,
11204122,AP_11204122_5750,MA290,27500000000,30000000000,,
11204122,AP_11204122_5751,MA291,27500000000,30000000000,,
11204122,AP_11204122_5752,MA292,27500000000,30000000000,,
11204122,AP_11204122_5753,MA293,27500000000,30000000000,,
11204122,AP_11204122_5754,MA294,27500000000,30000000000,,
11204122,AP_11204122_5755,MA295,27500000000,30000000000,,
11204122,AP_11204122_5756,MA296,27500000000,30000000000,,
11204122,AP_11204122_5488,MA28,27500000000,30000000000,,
11204122,AP_11204122_5489,MA29,27500000000,30000000000,,
11204122,AP_11204122_5490,MA30,27500000000,30000000000,,
11204122,AP_11204122_5491,MA31,27500000000,30000000000,,
11204122,AP_11204122_5492,MA32,27500000000,30000000000,,
11204122,AP_11204122_5493,MA33,27500000000,30000000000,,
11204122,AP_11204122_5494,MA34,27500000000,30000000000,,
11204122,AP_11204122_5495,MA35,27500000000,30000000000,,
11204122,AP_11204122_5496,MA36,27500000000,30000000000,,
11204122,AP_11204122_5497,MA37,27500000000,30000000000,,
11204122,AP_11204122_5498,MA38,27500000000,30000000000,,
11204122,AP_11204122_5499,MA39,27500000000,30000000000,,
11204122,AP_11204122_5500,MA40,27500000000,30000000000,,
11204122,AP_11204122_5501,MA41,27500000000,30000000000,,
11204122,AP_11204122_5502,MA42,27500000000,30000000000,,
11204122,AP_11204122_5503,MA43,27500000000,30000000000,,
11204122,AP_11204122_5504,MA44,27500000000,30000000000,,
11204122,AP_11204122_5505,MA45,27500000000,30000000000,,
11204122,AP_11204122_5506,MA46,27500000000,30000000000,,
11204122,AP_11204122_5507,MA47,27500000000,30000000000,,
11204122,AP_11204122_5508,MA48,27500000000,30000000000,,
11204122,AP_11204122_5509,MA49,27500000000,30000000000,,
11204122,AP_11204122_5510,MA50,27500000000,30000000000,,
11204122,AP_11204122_5511,MA51,27500000000,30000000000,,
11204122,AP_11204122_5512,MA52,27500000000,30000000000,,
11204122,AP_11204122_5513,MA53,27500000000,30000000000,,
11204122,AP_11204122_5514,MA54,27500000000,30000000000,,
11204122,AP_11204122_5515,MA55,27500000000,30000000000,,
11204122,AP_11204122_5516,MA56,27500000000,30000000000,,
11204122,AP_11204122_5517,MA57,27500000000,30000000000,,
11204122,AP_11204122_5518,MA58,27500000000,30000000000,,
11204122,AP_11204122_5519,MA59,27500000000,30000000000,,
11204122,AP_11204122_5520,MA60,27500000000,30000000000,,
11204122,AP_11204122_5521,MA61,27500000000,30000000000,,
11204122,AP_11204122_5522,MA62,27500000000,30000000000,,
11204122,AP_11204122_5523,MA63,27500000000,30000000000,,
11204122,AP_11204122_5524,MA64,27500000000,30000000000,,
11204122,AP_11204122_5525,MA65,27500000000,30000000000,,
11204122,AP_11204122_5526,MA66,27500000000,30000000000,,
11204122,AP_11204122_5527,MA67,27500000000,30000000000,,
11204122,AP_11204122_5528,MA68,27500000000,30000000000,,
11204122,AP_11204122_5529,MA69,27500000000,30000000000,,
11204122,AP_11204122_5530,MA70,27500000000,30000000000,,
11204122,AP_11204122_5531,MA71,27500000000,30000000000,,
11204122,AP_11204122_5532,MA72,27500000000,30000000000,,
11204122,AP_11204122_5533,MA73,27500000000,30000000000,,
11204122,AP_11204122_5534,MA74,27500000000,30000000000,,
11204122,AP_11204122_5535,MA75,27500000000,30000000000,,
11204122,AP_11204122_5536,MA76,27500000000,30000000000,,
11204122,AP_11204122_5537,MA77,27500000000,30000000000,,
11204122,AP_11204122_5538,MA78,27500000000,30000000000,,
11204122,AP_11204122_5539,MA79,27500000000,30000000000,,
11204122,AP_11204122_5540,MA80,27500000000,30000000000,,
11204122,AP_11204122_5541,MA81,27500000000,30000000000,,
11204122,AP_11204122_5542,MA82,27500000000,30000000000,,
11204122,AP_11204122_5543,MA83,27500000000,30000000000,,
11204122,AP_11204122_5544,MA84,27500000000,30000000000,,
11204122,AP_11204122_5545,MA85,27500000000,30000000000,,
11204122,AP_11204122_5546,MA86,27500000000,30000000000,,
11204122,AP_11204122_5547,MA87,27500000000,30000000000,,
11204122,AP_11204122_5548,MA88,27500000000,30000000000,,
11204122,AP_11204122_5549,MA89,27500000000,30000000000,,
11204122,AP_11204122_5550,MA90,27500000000,30000000000,,
11204122,AP_11204122_5551,MA91,27500000000,30000000000,,
11204122,AP_11204122_5552,MA92,27500000000,30000000000,,
11204127,AP_11204127_5958,MA7,27500000000,28100000000,,
11204127,AP_11204127_5957,MA6,27500000000,28100000000,,
11204127,AP_11204127_5960,MA9,27500000000,28100000000,,
11204127,AP_11204127_5961,MA10,27500000000,28100000000,,
11204127,AP_11204127_5962,MA11,27500000000,28100000000,,
11204127,AP_11204127_5963,MA12,27500000000,28100000000,,
11204127,AP_11204127_5964,MA13,27500000000,28100000000,,
11204127,AP_11204127_5965,MA14,27500000000,28100000000,,
11204127,AP_11204127_5966,MA15,27500000000,28100000000,,
11204127,AP_11204127_5967,MA16,27500000000,28100000000,,
11204127,AP_11204127_5968,MA17,27500000000,28100000000,,
11204127,AP_11204127_5969,MA18,27500000000,28100000000,,
11204127,AP_11204127_5970,MA19,27500000000,28100000000,,
11204127,AP_11204127_5971,MA20,27500000000,28100000000,,
11204127,AP_11204127_5972,MA21,27500000000,28100000000,,
11204127,AP_11204127_5973,MA22,27500000000,28100000000,,
11204127,AP_11204127_5974,MA23,27500000000,28100000000,,
11204127,AP_11204127_5975,MA24,27500000000,28100000000,,
11204127,AP_11204127_5976,MA25,27500000000,28100000000,,
11204127,AP_11204127_5977,MA26,27500000000,28100000000,,
11204127,AP_11204127_5978,MA27,27500000000,28100000000,,
11204127,AP_11204127_5979,MA28,27500000000,28100000000,,
11204127,AP_11204127_5980,MA29,27500000000,28100000000,,
11204127,AP_11204127_5981,MA30,27500000000,28100000000,,
11204127,AP_11204127_5982,MA31,27500000000,28100000000,,
11204127,AP_11204127_5983,MA32,27500000000,28100000000,,
11204127,AP_11204127_5984,MA33,27500000000,28100000000,,
11204127,AP_11204127_5985,MA34,27500000000,28100000000,,
11204127,AP_11204127_5986,MA35,27500000000,28100000000,,
11204127,AP_11204127_5987,MA36,27500000000,28100000000,,
11204127,AP_11204127_5988,MA37,27500000000,28100000000,,
11204127,AP_11204127_5989,MA38,27500000000,28100000000,,
11204127,AP_11204127_5990,MA39,27500000000,28100000000,,
11204127,AP_11204127_5991,MA40,27500000000,28100000000,,
11204127,AP_11204127_5992,MA41,27500000000,28100000000,,
11204127,AP_11204127_5993,MA42,27500000000,28100000000,,
11204127,AP_11204127_5959,MA8,27500000000,28100000000,,
11204127,AP_11204127_5956,MA5,27500000000,28100000000,,
11204127,AP_11204127_5955,MA4,27500000000,28100000000,,
11204127,AP_11204127_5954,MA3,27500000000,28100000000,,
11204127,AP_11204127_5953,MA2,27500000000,28100000000,,
11204127,AP_11204127_5952,MA1,27500000000,28100000000,,
11209362,AP_11209362_5994,MA1,28100000000,28500000000,,
11209364,AP_11209364_6001,MA7,27500000000,27700000000,,
11209364,AP_11209364_6002,MA8,27500000000,27700000000,,
11209364,AP_11209364_6003,MA9,27500000000,27700000000,,
11209364,AP_11209364_6004,MA10,27500000000,27700000000,,
11209364,AP_11209364_6005,MA11,27500000000,27700000000,,
11209364,AP_11209364_6000,MA6,27500000000,27700000000,,
11209364,AP_11209364_6006,MA12,27500000000,27700000000,,
11209364,AP_11209364_5999,MA5,27500000000,27700000000,,
11209364,AP_11209364_5998,MA4,27500000000,27700000000,,
11209364,AP_11209364_5997,MA3,27500000000,27700000000,,
11209364,AP_11209364_5996,MA2,27500000000,27700000000,,
11209364,AP_11209364_5995,MA1,27500000000,27700000000,,
11209365,AP_11209365_6007,MA1,27700000000,28700000000,,
11210917,AP_11210917_0001,Area 0001,28500000000,29500000000,,
11210917,AP_11210917_0007,Area 0007,29100000000,29500000000,,
11232380,AP_11232380_6066,Market area,20200000000,21200000000,,
11232522,AP_11232522_6068,Market area,30000000000,31000000000,,
11240788,AP_11240788_6070,MA1,27500000000,30000000000,,
11240791,AP_11240791_6071,MA1,27500000000,30000000000,,
11240792,AP_11240792_6072,MA1,27500000000,30000000000,,
11240795,AP_11240795_6073,MA1,27500000000,30000000000,,
11244562,AP_11244562_6081,MA1,27500000000,30000000000,,
11244563,AP_11244563_6082,MA1,27500000000,30000000000,,
11266071,AP_11266071_6118,ma003,24700000000,24900000000,,
11266071,AP_11266071_6117,ma002,24700000000,24900000000,,
11266071,AP_11266071_6116,ma001,24700000000,24900000000,,
11266072,AP_11266072_6119,ma001,24700000000,25000000000,,
11266073,AP_11266073_6120,ma001,24900000000,25100000000,,
11268278,AP_11268278_6154,Albany,25700000000,26700000000,,
11268278,AP_11268278_6155,Albury,25700000000,26700000000,,
11268278,AP_11268278_6156,Armidale,25700000000,26700000000,,
11268278,AP_11268278_6157,Bendigo,25700000000,26700000000,,
11268278,AP_11268278_6158,Bundaberg/Hervey Bay,25700000000,26700000000,,
11268278,AP_11268278_6159,Cairns,25700000000,26700000000,,
11268278,AP_11268278_6160,Coffs Harbour,25700000000,26700000000,,
11268278,AP_11268278_6161,Forster/Tuncurry,25700000000,26700000000,,
11268278,AP_11268278_6162,Launceston,25700000000,26700000000,,
11268278,AP_11268278_6163,Mackay,25700000000,26700000000,,
11268278,AP_11268278_6164,Mildura,25700000000,26700000000,,
11268278,AP_11268278_6165,Port Macquarie,25700000000,26700000000,,
11268278,AP_11268278_6166,Rockhampton,25700000000,26700000000,,
11268278,AP_11268278_6167,Shepparton/Mooroopna,25700000000,26700000000,,
11268278,AP_11268278_6168,Townsville,25700000000,26700000000,,
11268278,AP_11268278_6169,Traralgon/Morwell,25700000000,26700000000,,
11268278,AP_11268278_6170,Wagga Wagga,25700000000,26700000000,,
11268278,AP_11268278_6171,Warrnambool,25700000000,26700000000,,
11268278,AP_11268278_6172,Greater Perth Lower,25100000000,26100000000,,
11268278,AP_11268278_6173,Hobart Lower,25700000000,26700000000,,
11268278,AP_11268278_6174,Margaret River Lower,25700000000,26700000000,,
11268278,AP_11268278_6153,Sydney/Bathurst,25700000000,26700000000,,
11268278,AP_11268278_6152,Melbourne/Ballarat,25700000000,26700000000,,
11268278,AP_11268278_6151,Greater Brisbane/Lismore,25700000000,26700000000,,
11268278,AP_11268278_6150,Darwin,25700000000,26700000000,,
11268278,AP_11268278_6148,Adelaide,25700000000,26700000000,,
11268278,AP_11268278_6149,Canberra,25700000000,26700000000,,
11274789,AP_11274789_6177,ma001,25100000000,25500000000,,
11274789,AP_11274789_6178,ma002,25100000000,25500000000,,
11274789,AP_11274789_6179,ma003,25100000000,25500000000,,
11274789,AP_11274789_6184,ma008,25100000000,25500000000,,
11274789,AP_11274789_6181,ma005,25100000000,25500000000,,
11274789,AP_11274789_6182,ma006,25100000000,25500000000,,
11274789,AP_11274789_6183,ma007,25100000000,25500000000,,
11274789,AP_11274789_6180,ma004,25100000000,25500000000,,
11275966,AP_11275966_6209,Greater Perth Lower,26900000000,27000000000,,
11275966,AP_11275966_6210,Greater Perth Upper 1,27000000000,27300000000,,
11275966,AP_11275966_6211,Greater Perth Upper 2,27000000000,27300000000,,
11275966,AP_11275966_6212,Hobart Lower,26700000000,27000000000,,
11275966,AP_11275966_6213,Hobart Upper,27000000000,27300000000,,
11275966,AP_11275966_6214,Margaret River Lower,26700000000,27000000000,,
11275966,AP_11275966_6215,Margaret River Upper,27000000000,27300000000,,
11275966,AP_11275966_6185,Adelaide,25100000000,25700000000,,
11275966,AP_11275966_6186,Canberra,25100000000,25700000000,,
11275966,AP_11275966_6187,Darwin,25100000000,25700000000,,
11275966,AP_11275966_6188,Greater Brisbane/Lismore,25100000000,25700000000,,
11275966,AP_11275966_6189,Melbourne/Ballarat,25100000000,25500000000,,
11275966,AP_11275966_6190,Sydney/Bathurst,25100000000,25500000000,,
11275966,AP_11275966_6191,Albany,25100000000,25700000000,,
11275966,AP_11275966_6192,Albury,25100000000,25700000000,,
11275966,AP_11275966_6193,Armidale,25100000000,25700000000,,
11275966,AP_11275966_6194,Bendigo,25100000000,25700000000,,
11275966,AP_11275966_6195,Bundaberg/Hervey Bay,25100000000,25700000000,,
11275966,AP_11275966_6196,Cairns,25100000000,25700000000,,
11275966,AP_11275966_6197,Coffs Harbour,25100000000,25700000000,,
11275966,AP_11275966_6198,Forster/Tuncurry,25100000000,25700000000,,
11275966,AP_11275966_6199,Launceston,25100000000,25700000000,,
11275966,AP_11275966_6200,Mackay,25100000000,25700000000,,
11275966,AP_11275966_6201,Mildura,25100000000,25700000000,,
11275966,AP_11275966_6202,Port Macquarie,25100000000,25700000000,,
11275966,AP_11275966_6203,Rockhampton,25100000000,25700000000,,
11275966,AP_11275966_6204,Shepparton/Mooroopna,25100000000,25700000000,,
11275966,AP_11275966_6205,Townsville,25100000000,25700000000,,
11275966,AP_11275966_6206,Traralgon/Morwell,25100000000,25700000000,,
11275966,AP_11275966_6207,Wagga Wagga,25100000000,25700000000,,
11275966,AP_11275966_6208,Warrnambool,25100000000,25700000000,,
11275967,AP_11275967_6216,Adelaide,26700000000,27500000000,,
11275967,AP_11275967_6217,Canberra,26700000000,27500000000,,
11275967,AP_11275967_6242,Margaret River Lower,25100000000,25700000000,,
11275967,AP_11275967_6241,Hobart Lower,25100000000,25700000000,,
11275967,AP_11275967_6218,Darwin,26700000000,27500000000,,
11275967,AP_11275967_6219,Greater Brisbane/Lismore,26700000000,27500000000,,
11275967,AP_11275967_6220,Melbourne/Ballarat,26700000000,27500000000,,
11275967,AP_11275967_6221,Sydney/Bathurst,26700000000,27500000000,,
11275967,AP_11275967_6222,Albany,26700000000,27500000000,,
11275967,AP_11275967_6223,Albury,26700000000,27500000000,,
11275967,AP_11275967_6224,Armidale,26700000000,27500000000,,
11275967,AP_11275967_6225,Bendigo,26700000000,27500000000,,
11275967,AP_11275967_6226,Bundaberg/Hervey Bay,26700000000,27500000000,,
11275967,AP_11275967_6227,Cairns,26700000000,27500000000,,
11275967,AP_11275967_6228,Coffs Harbour,26700000000,27500000000,,
11275967,AP_11275967_6229,Forster/Tuncurry,26700000000,27500000000,,
11275967,AP_11275967_6230,Launceston,26700000000,27500000000,,
11275967,AP_11275967_6231,Mackay,26700000000,27500000000,,
11275967,AP_11275967_6232,Mildura,26700000000,27500000000,,
11275967,AP_11275967_6233,Port Macquarie,26700000000,27500000000,,
11275967,AP_11275967_6234,Rockhampton,26700000000,27500000000,,
11275967,AP_11275967_6235,Shepparton/Mooroopna,26700000000,27500000000,,
11275967,AP_11275967_6236,Townsville,26700000000,27500000000,,
11275967,AP_11275967_6237,Traralgon/Morwell,26700000000,27500000000,,
11275967,AP_11275967_6238,Wagga Wagga,26700000000,27500000000,,
11275967,AP_11275967_6239,Warrnambool,26700000000,27500000000,,
11275967,AP_11275967_6240,Greater Perth Lower,26100000000,26900000000,,
11275968,AP_11275968_6243,Greater Perth Upper 1,27300000000,27500000000,,
11275968,AP_11275968_6244,Greater Perth Upper 2,27300000000,27500000000,,
11275968,AP_11275968_6245,Margaret River Upper,27300000000,27500000000,,
11286123,AP_11286123_6247,ma035,3510000000,3575000000,,
11286123,AP_11286123_6246,ma034,3510000000,3575000000,,
11286123,AP_11286123_6248,ma036,3510000000,3575000000,,
11286123,AP_11286123_6249,ma042,3442500000,3475000000,,
11286123,AP_11286123_6249,ma042,3542500000,3575000000,,
11286123,AP_11286123_6256,Merge: ma029 + Merge: ma027 + ma030,3475000000,3571500000,,
11286123,AP_11286123_6251,Merge: ma001 + ma002,3475000000,3543500000,,
11286123,AP_11286123_6252,Merge: ma005 + ma008,3475000000,3540000000,,
11286123,AP_11286123_6253,Merge: ma011 + ma018,3475000000,3540000000,,
11286123,AP_11286123_6254,Merge: ma019 + ma020,3475000000,3575000000,,
11286123,AP_11286123_6255,Merge: ma025 + ma026,3477500000,3542500000,,
11286123,AP_11286123_6250,ma043,3510000000,3575000000,,
11286124,AP_11286124_6258,ma004,3539000000,3542500000,,
11286124,AP_11286124_6257,ma003,3539000000,3542500000,,
11286124,AP_11286124_6259,Merge: ma001 + ma002,3543500000,3547000000,,
11286124,AP_11286124_6261,Merge: Merge: ma031 + Merge: ma027 + ma028 + Merge: ma033 + Merge: ma032 + Merge: ma029 + ma030,3571500000,3575000000,,
11286124,AP_11286124_6260,Merge: Merge: ma008 + ma009 + Merge: Merge: ma005 + ma006 + Merge: ma007 + ma010,3540000000,3542500000,,
11286125,AP_11286125_6262,Merge: Merge: ma016 + ma018 + Merge: Merge: ma013 + ma014 + Merge: ma017 + Merge: ma015 + Merge: ma011 + ma012,3540000000,3542500000,,
11286126,AP_11286126_6266,ma051,3540000000,3542500000,,
11286126,AP_11286126_6265,ma050,3490000000,3492500000,,
11286126,AP_11286126_6264,ma049,3485500000,3489000000,,
11286126,AP_11286126_6263,ma048,3485500000,3489000000,,
11286128,AP_11286128_6271,ma049,3489000000,3492500000,,
11286128,AP_11286128_6272,ma052,3490000000,3492500000,,
11286128,AP_11286128_6270,ma048,3489000000,3492500000,,
11286128,AP_11286128_6269,ma047,3490000000,3492500000,,
11286128,AP_11286128_6268,ma046,3540000000,3542500000,,
11286128,AP_11286128_6273,Merge: ma025 + ma026,3475000000,3477500000,,
11286128,AP_11286128_6267,ma045,3490000000,3492500000,,
11286129,AP_11286129_6277,ma021,3475000000,3575000000,,
11286129,AP_11286129_6278,ma022,3475000000,3575000000,,
11286129,AP_11286129_6279,ma023,3475000000,3575000000,,
11286129,AP_11286129_6280,ma024,3475000000,3575000000,,
11286129,AP_11286129_6281,ma032,3475000000,3571500000,,
11286129,AP_11286129_6282,ma033,3475000000,3571500000,,
11286129,AP_11286129_6283,ma037,3510000000,3575000000,,
11286129,AP_11286129_6285,ma038,3510000000,3575000000,,
11286129,AP_11286129_6286,ma039,3510000000,3575000000,,
11286129,AP_11286129_6288,ma040,3510000000,3575000000,,
11286129,AP_11286129_6290,ma045,3425000000,3490000000,,
11286129,AP_11286129_6291,ma046,3475000000,3540000000,,
11286129,AP_11286129_6292,ma047,3425000000,3490000000,,
11286129,AP_11286129_6293,ma048,3425000000,3485500000,,
11286129,AP_11286129_6294,ma049,3425000000,3485500000,,
11286129,AP_11286129_6295,ma050,3425000000,3490000000,,
11286129,AP_11286129_6296,ma052,3425000000,3490000000,,
11286129,AP_11286129_6297,Merge: ma017 + Merge: ma015 + Merge: ma013 + Merge: ma012 + ma014,3475000000,3540000000,,
11286129,AP_11286129_6298,Merge: ma028 + ma031,3475000000,3571500000,,
11286129,AP_11286129_6299,Merge: ma041 + ma053,3442500000,3475000000,,
11286129,AP_11286129_6299,Merge: ma041 + ma053,3542500000,3575000000,,
11286129,AP_11286129_6305,Merge: Merge: ma006 + ma009 + Merge: ma051 + Merge: ma007 + ma010,3475000000,3540000000,,
11286129,AP_11286129_6274,ma003,3475000000,3539000000,,
11286129,AP_11286129_6275,ma004,3475000000,3539000000,,
11286129,AP_11286129_6276,ma016,3475000000,3540000000,,
11286131,AP_11286131_6316,Merge: Merge: ma002 + ma003 + Merge: ma004 + ma037,3400000000,3475000000,,
11286131,AP_11286131_6315,Merge: ma044 + Merge: ma026 + ma043,3400000000,3475000000,,
11286131,AP_11286131_6323,Merge: Merge: ma036 + Merge: ma023 + ma039 + Merge: Merge: ma022 + ma046 + Merge: ma024 + Merge: ma020 + ma021,3400000000,3475000000,,
11286131,AP_11286131_6320,Merge: Merge: ma034 + Merge: ma016 + ma018 + Merge: Merge: ma033 + Merge: ma030 + ma031 + Merge: ma035 + Merge: ma032 + Merge: ma017 + Merge: ma015 + Merge: ma014 + ma040,3400000000,3475000000,,
11286131,AP_11286131_6318,Merge: Merge: ma010 + ma038 + Merge: ma051 + Merge: ma008 + ma009,3400000000,3475000000,,
11289345,AP_11289345_6357,ma031,25700000000,26700000000,,
11289345,AP_11289345_6358,ma032,25700000000,26700000000,,
11289345,AP_11289345_6359,ma033,25700000000,26700000000,,
11289345,AP_11289345_6360,ma034,25700000000,26700000000,,
11289345,AP_11289345_6361,ma035,25700000000,26700000000,,
11289345,AP_11289345_6362,ma036,25700000000,26700000000,,
11289345,AP_11289345_6363,ma037,25700000000,26700000000,,
11289345,AP_11289345_6400,ma075,25700000000,26700000000,,
11289345,AP_11289345_6401,ma076,25700000000,26700000000,,
11289345,AP_11289345_6402,ma077,25700000000,26700000000,,
11289345,AP_11289345_6403,ma078,25700000000,26700000000,,
11289345,AP_11289345_6404,ma079,25700000000,26700000000,,
11289345,AP_11289345_6405,ma080,25700000000,26700000000,,
11289345,AP_11289345_6406,ma081,25700000000,26700000000,,
11289345,AP_11289345_6407,ma082,25700000000,26700000000,,
11289345,AP_11289345_6408,ma083,25700000000,26700000000,,
11289345,AP_11289345_6409,ma084,25700000000,26700000000,,
11289345,AP_11289345_6410,ma085,25700000000,26700000000,,
11289345,AP_11289345_6411,ma086,25700000000,26700000000,,
11289345,AP_11289345_6412,ma087,25700000000,26700000000,,
11289345,AP_11289345_6413,ma088,25700000000,26700000000,,
11289345,AP_11289345_6414,ma089,25700000000,26700000000,,
11289345,AP_11289345_6415,ma090,25700000000,26700000000,,
11289345,AP_11289345_6416,ma091,25700000000,26700000000,,
11289345,AP_11289345_6417,ma092,25700000000,26700000000,,
11289345,AP_11289345_6418,ma093,25700000000,26700000000,,
11289345,AP_11289345_6419,ma094,25700000000,26700000000,,
11289345,AP_11289345_6420,ma095,25700000000,26700000000,,
11289345,AP_11289345_6421,ma096,25700000000,26700000000,,
11289345,AP_11289345_6423,ma097,25700000000,26700000000,,
11289345,AP_11289345_6424,ma098,25700000000,26700000000,,
11289345,AP_11289345_6425,ma099,25700000000,26700000000,,
11289345,AP_11289345_6426,Merge: ma048 + ma049,25700000000,26700000000,,
11289345,AP_11289345_6325,ma001,25100000000,26100000000,,
11289345,AP_11289345_6326,ma002,25100000000,26100000000,,
11289345,AP_11289345_6328,ma003,25700000000,26700000000,,
11289345,AP_11289345_6329,ma004,25100000000,26100000000,,
11289345,AP_11289345_6330,ma005,25100000000,26100000000,,
11289345,AP_11289345_6331,ma006,25700000000,26700000000,,
11289345,AP_11289345_6332,ma007,25700000000,26700000000,,
11289345,AP_11289345_6333,ma008,25700000000,26700000000,,
11289345,AP_11289345_6334,ma009,25700000000,26700000000,,
11289345,AP_11289345_6335,ma010,25100000000,26100000000,,
11289345,AP_11289345_6336,ma011,25700000000,26700000000,,
11289345,AP_11289345_6337,ma012,25700000000,26700000000,,
11289345,AP_11289345_6338,ma013,25700000000,26700000000,,
11289345,AP_11289345_6339,ma014,25700000000,26700000000,,
11289345,AP_11289345_6340,ma015,25700000000,26700000000,,
11289345,AP_11289345_6341,ma016,25700000000,26700000000,,
11289345,AP_11289345_6342,ma017,25700000000,26700000000,,
11289345,AP_11289345_6343,ma018,25700000000,26700000000,,
11289345,AP_11289345_6344,ma019,25700000000,26700000000,,
11289345,AP_11289345_6345,ma020,25700000000,26700000000,,
11289345,AP_11289345_6346,ma021,25700000000,26700000000,,
11289345,AP_11289345_6347,ma022,25100000000,26100000000,,
11289345,AP_11289345_6348,ma023,25700000000,26700000000,,
11289345,AP_11289345_6349,ma024,25700000000,26700000000,,
11289345,AP_11289345_6350,ma025,25700000000,26700000000,,
11289345,AP_11289345_6352,ma026,25700000000,26700000000,,
11289345,AP_11289345_6353,ma027,25700000000,26700000000,,
11289345,AP_11289345_6354,ma028,25700000000,26700000000,,
11289345,AP_11289345_6355,ma029,25700000000,26700000000,,
11289345,AP_11289345_6356,ma030,25700000000,26700000000,,
11289345,AP_11289345_6364,ma038,25700000000,26700000000,,
11289345,AP_11289345_6365,ma039,25700000000,26700000000,,
11289345,AP_11289345_6366,ma040,25700000000,26700000000,,
11289345,AP_11289345_6367,ma041,25700000000,26700000000,,
11289345,AP_11289345_6368,ma042,25700000000,26700000000,,
11289345,AP_11289345_6369,ma043,25700000000,26700000000,,
11289345,AP_11289345_6370,ma044,25700000000,26700000000,,
11289345,AP_11289345_6371,ma045,25700000000,26700000000,,
11289345,AP_11289345_6372,ma046,25700000000,26700000000,,
11289345,AP_11289345_6373,ma047,25700000000,26700000000,,
11289345,AP_11289345_6374,ma050,25700000000,26700000000,,
11289345,AP_11289345_6375,ma051,25700000000,26700000000,,
11289345,AP_11289345_6376,ma052,25700000000,26700000000,,
11289345,AP_11289345_6377,ma053,25700000000,26700000000,,
11289345,AP_11289345_6378,ma054,25700000000,26700000000,,
11289345,AP_11289345_6379,ma055,25700000000,26700000000,,
11289345,AP_11289345_6380,ma056,25700000000,26700000000,,
11289345,AP_11289345_6381,ma057,25700000000,26700000000,,
11289345,AP_11289345_6382,ma058,25700000000,26700000000,,
11289345,AP_11289345_6383,ma059,25700000000,26700000000,,
11289345,AP_11289345_6384,ma060,25700000000,26700000000,,
11289345,AP_11289345_6385,ma061,25700000000,26700000000,,
11289345,AP_11289345_6386,ma062,25700000000,26700000000,,
11289345,AP_11289345_6387,ma063,25700000000,26700000000,,
11289345,AP_11289345_6388,ma064,25700000000,26700000000,,
11289345,AP_11289345_6389,ma065,25700000000,26700000000,,
11289345,AP_11289345_6391,ma066,25700000000,26700000000,,
11289345,AP_11289345_6392,ma067,25700000000,26700000000,,
11289345,AP_11289345_6393,ma068,25700000000,26700000000,,
11289345,AP_11289345_6394,ma069,25700000000,26700000000,,
11289345,AP_11289345_6395,ma070,25700000000,26700000000,,
11289345,AP_11289345_6396,ma071,25700000000,26700000000,,
11289345,AP_11289345_6397,ma072,25700000000,26700000000,,
11289345,AP_11289345_6398,ma073,25700000000,26700000000,,
11289345,AP_11289345_6399,ma074,25700000000,26700000000,,
11290216,AP_11290216_6460,ma015,25100000000,25700000000,,
11290216,AP_11290216_6462,Merge: ma012 + ma013,26700000000,27500000000,,
11290216,AP_11290216_6428,ma001,26100000000,26900000000,,
11290216,AP_11290216_6429,ma002,26100000000,26900000000,,
11290216,AP_11290216_6431,ma003,26700000000,27500000000,,
11290216,AP_11290216_6433,ma004,26100000000,26900000000,,
11290216,AP_11290216_6458,ma014,26700000000,27500000000,,
11290216,AP_11290216_6435,ma006,26700000000,27500000000,,
11290216,AP_11290216_6437,ma007,26700000000,27500000000,,
11290216,AP_11290216_6438,ma008,26700000000,27500000000,,
11290216,AP_11290216_6439,ma009,26700000000,27500000000,,
11290216,AP_11290216_6456,ma010,26700000000,27500000000,,
11290216,AP_11290216_6457,ma011,26100000000,26900000000,,
11290216,AP_11290216_6434,ma005,26700000000,27500000000,,
11290241,AP_11290241_6502,Area 6502,26500000000,26700000000,,
11290241,AP_11290241_6501,Area 6501,25100000000,25300000000,,
11290241,AP_11290241_6470,ma004,26900000000,27100000000,,
11290241,AP_11290241_6469,ma003,25100000000,25300000000,,
11290241,AP_11290241_6468,ma002,25100000000,25300000000,,
11290241,AP_11290241_6466,ma001,25100000000,25300000000,,
11290655,AP_11290655_6471,ma001,25100000000,25500000000,,
11290655,AP_11290655_6472,ma002,25100000000,25500000000,,
11290655,AP_11290655_6473,ma003,25100000000,25500000000,,
11290655,AP_11290655_6474,ma004,25100000000,25500000000,,
11290655,AP_11290655_6475,ma005,25100000000,25500000000,,
11290655,AP_11290655_6476,ma006,25100000000,25500000000,,
11290655,AP_11290655_6477,ma007,25100000000,25500000000,,
11290655,AP_11290655_6480,ma010,25100000000,25500000000,,
11290655,AP_11290655_6478,ma008,25100000000,25500000000,,
11290655,AP_11290655_6479,ma009,25100000000,25500000000,,
11290655,AP_11290655_6482,ma012,25300000000,25700000000,,
11290655,AP_11290655_6481,ma011,25300000000,25700000000,,
11293381,AP_11293381_0001,Area 0001,27500000000,30000000000,,
11293382,AP_11293382_0001,Area 0001,27500000000,30000000000,,
11306567,AP_11306567_0001,Area 0001,27500000000,30000000000,,
11312472,AP_11268279_6176,Sydney/Bathurst,25500000000,25700000000,,
11312472,AP_11268279_6175,Melbourne/Ballarat,25500000000,25700000000,,
11314962,AP_11314962_0001,Area 0001,27500000000,30000000000,,
11314963,AP_11314963_0001,Area 0001,27500000000,30000000000,,
11333393,AP_11333393_0001,Area 0001,27500000000,30000000000,,
11345733,AP_9469879_2741,Area 1,2500000000,2510000000,2620000000,2630000000
11345734,AP_9469880_2742,Area 1,2500000000,2510000000,2620000000,2630000000
11376005,AP_11376005_0001,Area 0001,27500000000,30000000000,,
11376006,AP_11376006_0001,Area 0001,27500000000,30000000000,,
11376994,AP_11376994_6496,ma001,27700000000,27900000000,,
11376994,AP_11376994_6497,ma002,27500000000,27700000000,,
11376994,AP_11376994_6498,ma003,27500000000,27900000000,,
11376994,AP_11376994_6499,ma004,27500000000,27900000000,,
11376994,AP_11376994_6500,ma005,27500000000,27700000000,,
11376994,AP_11376994_6501,ma006,27500000000,27700000000,,
11376994,AP_11376994_6502,ma007,27700000000,27900000000,,
11474614,AP_11474614_0002,Area 0002,27500000000,30000000000,,
11474614,AP_11474614_0001,Area 0001,27500000000,30000000000,,
11624549,AP_11624549_6505,ma001,28100000000,28200000000,,
11645284,AP_11645284_6506,ma001,27500000000,27600000000,,
11646058,AP_11646058_0001,Area 0001,27500000000,27600000000,,
11646059,AP_11646059_0001,Area 0001,27500000000,27600000000,,
11646060,AP_11646060_0001,Area 0001,27500000000,27600000000,,
11656513,AP_11656513_0005,Area 0005,25500000000,25600000000,,
11656513,AP_11656513_0004,Area 0004,25100000000,26100000000,,
11656513,AP_11656513_0003,Area 0003,25100000000,26100000000,,
11656513,AP_11656513_0019,Area 0019,25100000000,26100000000,,
11656513,AP_11656513_0039,Area 0039,25100000000,25500000000,,
11656513,AP_11656513_0038,Area 0038,25100000000,26100000000,,
11656513,AP_11656513_0011,Area 0011,25500000000,25600000000,,
11656513,AP_11656513_0012,Area 0012,25100000000,26100000000,,
11656513,AP_11656513_0013,Area 0013,25100000000,25700000000,,
11656513,AP_11656513_0014,Area 0014,25100000000,25700000000,,
11656513,AP_11656513_0015,Area 0015,25100000000,26100000000,,
11656513,AP_11656513_0016,Area 0016,25100000000,26100000000,,
11656513,AP_11656513_0001,Area 0001,25100000000,25500000000,,
11656513,AP_11656513_0002,Area 0002,25500000000,25600000000,,
11656513,AP_11656513_0017,Area 0017,25100000000,26100000000,,
11656513,AP_11656513_0018,Area 0018,25500000000,25600000000,,
11656513,AP_11656513_0040,Area 0040,25100000000,25700000000,,
11656513,AP_11656513_0020,Area 0020,25100000000,25700000000,,
11656513,AP_11656513_0021,Area 0021,25100000000,26100000000,,
11656513,AP_11656513_0022,Area 0022,25100000000,25700000000,,
11656513,AP_11656513_0023,Area 0023,25100000000,25700000000,,
11656513,AP_11656513_0024,Area 0024,25100000000,26100000000,,
11656513,AP_11656513_0025,Area 0025,25100000000,26100000000,,
11656513,AP_11656513_0026,Area 0026,25100000000,26100000000,,
11656513,AP_11656513_0027,Area 0027,25100000000,26100000000,,
11656513,AP_11656513_0028,Area 0028,25100000000,26100000000,,
11656513,AP_11656513_0029,Area 0029,25100000000,26100000000,,
11656513,AP_11656513_0030,Area 0030,25100000000,26100000000,,
11656513,AP_11656513_0031,Area 0031,25100000000,25700000000,,
11656513,AP_11656513_0032,Area 0032,25100000000,26100000000,,
11656513,AP_11656513_0033,Area 0033,25100000000,26100000000,,
11656513,AP_11656513_0034,Area 0034,25100000000,26100000000,,
11656513,AP_11656513_0035,Area 0035,25500000000,25600000000,,
11656513,AP_11656513_0036,Area 0036,25100000000,26100000000,,
11656513,AP_11656513_0037,Area 0037,25500000000,25600000000,,
11672652,AP_11730170_6512,ma001,24700000000,25000000000,,
11672653,AP_11732110_6513,ma001,26700000000,27500000000,,
11691079,AP_11691079_0001,Area 0001,27500000000,30000000000,,
11713128,AP_11713128_6511,ma001,25100000000,25500000000,,
9263429,AP_9263525_1640,Sydney,825000000,835000000,870000000,880000000
9263429,AP_9263525_1636,Adelaide,825000000,835000000,870000000,880000000
9263429,AP_9263525_1637,Brisbane,825000000,835000000,870000000,880000000
9263429,AP_9263525_1638,Melbourne,825000000,835000000,870000000,880000000
9263429,AP_9263525_1639,Perth,825000000,835000000,870000000,880000000
9263429,AP_9263525_1641,Reg_Remote_Aus,825000000,830000000,870000000,875000000
9263433,AP_9263524_1634,Sydney,835000000,845000000,880000000,890000000
9263433,AP_9263524_1635,Reg_Remote_Aus,830000000,845000000,875000000,890000000
9263433,AP_9263524_1633,Perth,835000000,845000000,880000000,890000000
9263433,AP_9263524_1632,Melbourne,835000000,845000000,880000000,890000000
9263433,AP_9263524_1631,Brisbane,835000000,845000000,880000000,890000000
9263433,AP_9263524_1630,Adelaide,835000000,845000000,880000000,890000000
9263448,AP_9263499_1602,Sydney,1755000000,1770000000,1850000000,1865000000
9263448,AP_9263499_1601,Perth,1755000000,1770000000,1850000000,1865000000
9263448,AP_9263499_1600,Melbourne,1755000000,1770000000,1850000000,1865000000
9263448,AP_9263499_1598,Adelaide,1755000000,1770000000,1850000000,1865000000
9263448,AP_9263499_1599,Brisbane,1755000000,1770000000,1850000000,1865000000
9263452,AP_9263500_1605,Melbourne,1725000000,1737500000,1820000000,1832500000
9263452,AP_9263500_1603,Adelaide,1730000000,1740000000,1825000000,1835000000
9263452,AP_9263500_1604,Brisbane,1730000000,1740000000,1825000000,1835000000
9263452,AP_9263500_1606,Perth,1730000000,1740000000,1825000000,1835000000
9263452,AP_9263500_1607,Sydney,1725000000,1740000000,1820000000,1835000000
9263452,AP_9263500_1608,Darwin,1745000000,1750000000,1840000000,1845000000
9263452,AP_9263500_1610,Canberra,1730000000,1735000000,1825000000,1830000000
9263452,AP_9263500_1609,Tasmania,1745000000,1750000000,1840000000,1845000000
9263460,AP_9263513_1623,Brisbane,1770000000,1775000000,1865000000,1870000000
9263461,AP_9263515_1625,Perth,1770000000,1775000000,1865000000,1870000000
9367136,AP_9367136_1694,Brisbane,1740000000,1745000000,1835000000,1840000000
9367136,AP_9367136_1697,Perth,1740000000,1745000000,1835000000,1840000000
9367136,AP_9367136_1696,Adelaide,1740000000,1745000000,1835000000,1840000000
9367136,AP_9367136_1695,Melbourne,1737500000,1740000000,1832500000,1835000000
9367781,AP_9367781_1735,Perth,1775000000,1785000000,1870000000,1880000000
9367783,AP_9367783_1737,Brisbane,1775000000,1785000000,1870000000,1880000000
9369568,AP_9369568_1746,Area 2,2302000000,2400000000,,
9369568,AP_9369568_1747,Area 3,2302000000,2365000000,,
9369568,AP_9369568_1748,Area 4,2302000000,2365000000,,
9369568,AP_9369568_1749,Area 5,2302000000,2365000000,,
9369568,AP_9369568_1745,Area 1,2302000000,2400000000,,
9369568,AP_9369568_1750,Area 6,2337000000,2365000000,,
9369568,AP_9369568_1751,Area 7,2337000000,2365000000,,
9445340,AP_9445340_2304,National,2570000000,2585000000,,
9445341,AP_9445341_2305,National,2585000000,2595000000,,
9445342,AP_9445342_2306,National,2595000000,2605000000,,
9445343,AP_9445343_2307,National,2605000000,2620000000,,
9448618,AP_9448618_2646,Merge: 2.3 GHz Band Adelaide + 2.3 GHz Band,2386000000,2400000000,,
9448619,AP_9448619_2649,2.3 GHz Band,2330000000,2400000000,,
9448619,AP_9448619_2647,2.3 GHz Band,2302000000,2400000000,,
9448619,AP_9448619_2650,Merge: 2.3 GHz Band + 2.3 GHz Band,2302000000,2400000000,,
9448619,AP_9448619_2653,Merge: 2.3 GHz Band + Merge: 2.3 GHz Band + 2.3 GHz Band,2309000000,2400000000,,
9448619,AP_9448619_2648,2.3 GHz Band,2302000000,2386000000,,
9448619,AP_9448619_2652,Merge: 2.3 GHz Band + Merge: 2.3 GHz Band + 2.3 GHz Band,2302000000,2393000000,,
9448619,AP_9448619_2651,Merge: 2.3 GHz Band + 2.3 GHz Band,2302000000,2393000000,,
9448620,AP_9448620_2654,2.3 GHz Band Perth,2386000000,2400000000,,
9448621,AP_9448621_2655,Merge: 2.3 GHz Band + 2.3 GHz Band,2302000000,2309000000,,
9460456,AP_9460456_2677,Adelaide,1775000000,1785000000,1870000000,1880000000
9460463,AP_9460463_2684,Sydney,1770000000,1775000000,1865000000,1870000000
9460464,AP_9460464_2685,Sydney,1775000000,1785000000,1870000000,1880000000
9460484,AP_9460484_2688,Melbourne,1770000000,1775000000,1865000000,1870000000
9460485,AP_9460485_2689,Melbourne,1775000000,1785000000,1870000000,1880000000
9460720,AP_9460720_2696,2.3 GHz Band,2302000000,2393000000,,
9460720,AP_9460720_2695,2.3 GHz Band,2330000000,2400000000,,
9460720,AP_9460720_2694,2.3 GHz Band,2309000000,2400000000,,
9460720,AP_9460720_2697,2.3 GHz Band,2302000000,2386000000,,
9460721,AP_9460721_2698,2.3 GHz Band,2302000000,2386000000,,
9460722,AP_9460722_2699,2.3 GHz Band,2302000000,2393000000,,
9469858,AP_9469858_2735,Area 1,703000000,713000000,758000000,768000000
9469862,AP_9469862_2736,Area 1,713000000,733000000,768000000,788000000
9469864,AP_9469864_2737,Area 1,2550000000,2570000000,2670000000,2690000000
9469870,AP_9469870_2738,Area 1,2550000000,2570000000,2670000000,2690000000
9469871,AP_9469871_2739,Area 1,2510000000,2550000000,2630000000,2670000000
9469878,AP_9469878_2740,Area 1,2510000000,2550000000,2630000000,2670000000
9599659,AP_9599659_2776,2.3 GHz Band,2365000000,2400000000,,
9599659,AP_9599659_2777,2.3 GHz Band,2302000000,2337000000,,
9599659,AP_9599659_2779,2.3 GHz Band,2365000000,2400000000,,
9599659,AP_9599659_2779,2.3 GHz Band,2302000000,2337000000,,
9599659,AP_9599659_2778,2.3 GHz Band,2365000000,2400000000,,
9599659,AP_9599659_2777,2.3 GHz Band,2365000000,2400000000,,
9599659,AP_9599659_2778,2.3 GHz Band,2302000000,2337000000,,
9619844,AP_9619844_2798,Sydney,1740000000,1755000000,1835000000,1850000000
9619844,AP_9619844_2800,Merge: Brisbane + Merge: Adelaide + Perth,1745000000,1755000000,1840000000,1850000000
9619844,AP_9619844_2799,Melbourne,1740000000,1755000000,1835000000,1850000000
9998087,AP_9998087_3629,North Queensland (Cairns/Townsville),1710000000,1712500000,1805000000,1807500000
